name,type,area,direction,fitment,elevator,total_price,unit_price,property
湖左岸,4室2厅,175.08,南 北,精装,有,910,51977,
万科北宸之光,3室2厅,83.32,南,精装,有,221.5,26585,
永林二区,3室2厅,137.83,南,精装,无,295,21404,
星湖名轩,3室1厅,138.4,东,精装,有,408,29480,
中联二期澄湖花园,2室2厅,77,南,简装,暂无数据,130,16884,
万科北宸之光,3室2厅,83.32,南 北,精装,有,227,27245,
鼎尚花园(姑苏区),3室1厅,78.45,南,简装,无,228,29064,
水语金成花园,4室2厅,128,南,毛坯,有,318,24844,
阳光水世界,3室2厅,127.34,南,精装,无,218,17120,
东湖林语,3室2厅,135,南,精装,有,525,38889,
晨曦馨苑,3室2厅,116.84,南 北,精装,无,278,23794,
花桥裕花园,3室2厅,88.62,南,精装,有,178,20086,
新城湾语城,3室1厅,92.48,南 北,毛坯,有,257,27790,
九龙仓风华里,3室2厅,130.36,南,毛坯,有,580,44493,
三元二村,2室1厅,58,西北,简装,无,138,23794,
星光耀花园一期,3室2厅,87,南,精装,有,230,26437,
劳动路95号,2室1厅,57.54,南,简装,无,151,26243,
合景峰汇十期,2室2厅,48,南,精装,商电,75,15625,
和泰家园,3室2厅,92.94,南,毛坯,有,192,20659,
新浒花园二区,6室2厅,160.9,南 西北,精装,无,250,15538,
中海国际社区（四区）,3室2厅,126.76,南,精装,有,588,46387,
香城花园三区,3室2厅,127.71,南,精装,有,296,23178,
合景峰汇十期,2室2厅,47.48,北,精装,商电,56.5,11900,
蚬江花园,5室2厅,198.9,南,精装,暂无数据,134,6738,
白塘景苑一二期,5室2厅,197.68,南 北,精装,有,830,41988,
康桥溪岸花园,4室2厅,121.3,南,毛坯,有,250,20611,
花好月圆,3室2厅,146,南 北,简装,有,261,17877,
花南家园,2室1厅,77.67,南,简装,有,173,22274,
康桥丽都,2室2厅,86.56,南,精装,有,219,25301,
徐家浜新村,2室1厅,53.4,南,精装,无,150,28090,
金湖湾花园,4室2厅,165.76,南,精装,有,843,50857,
侍其巷散盘,2室1厅,57.79,南,简装,无,248,42914,
打线里,3室2厅,97.79,南,精装,无,253,25872,
永林新村,2室1厅,51.09,南,精装,无,145,28382,
绿地都会雅苑,3室2厅,94,南,毛坯,有,238,25320,
锦华星光苑,3室2厅,90,南,毛坯,暂无数据,230,25556,
白塘壹号,3室2厅,129.58,南,精装,有,575,44375,
新城金郡南区二期,3室2厅,80.24,南,精装,无,195,24303,
中海国际社区（七区）,2室1厅,96.01,南,精装,有,399,41559,
中南世纪城,2室2厅,97.14,南,简装,有,230.9,23770,
春馨园B区,1室1厅,47.39,南,精装,无,105,22157,
海胥澜庭,3室2厅,141.72,南,精装,有,615,43396,
和泰家园,2室1厅,61.43,南,简装,有,145,23605,
龙景花苑二区,2室1厅,60,南,简装,无,120,20000,
永林二区,2室1厅,68.88,南,简装,无,203,29472,
中吴红玺御园,4室2厅,159,南 北,毛坯,有,323,20315,
虎阜花园东区,3室2厅,78.06,南 北,毛坯,无,205,26262,
山湖湾南区,3室2厅,100.63,南,毛坯,有,305,30310,
金辉优步花园,3室2厅,87.85,南 北,精装,有,303,34491,
水香一村,2室1厅,77.24,南,简装,无,154.5,20003,
和美家园,2室1厅,80.34,南,精装,有,165,20538,
希悦庭公馆,2室1厅,56.63,南,精装,有,107.5,18983,
新城招商香溪源,3室2厅,88.03,南,毛坯,有,202,22947,
劳动路95号,3室1厅,65.88,南,精装,无,141,21403,
姑香苑,3室2厅,70.97,南,精装,无,200,28181,
新湘苑,3室2厅,113.1,东南 南,精装,无,351,31035,
西湖君庭,3室2厅,82.22,南 北,精装,有,230,27974,
欧之韵,2室1厅,57.5,南,简装,有,105.5,18348,
澳韵花园,3室2厅,120.02,南,精装,有,580,48326,
阳光天地,2室1厅,78.48,南 北,简装,有,230,29307,
越湖家天下,3室2厅,89.29,南,精装,有,238,26655,
彩香一村一区,2室1厅,47.22,南 北,简装,无,110,23296,
越湖名邸,3室2厅,125.45,南 北,精装,有,335,26704,
象屿都城,2室1厅,69.37,南 北,毛坯,有,140,20182,
北极星花园,2室2厅,89.67,南 西南,精装,有,339,37806,
嘉元花园南区,2室1厅,73.14,南,简装,无,171,23380,
锦和加州南区,3室2厅,96,南,毛坯,有,199,20730,
万达广场(姑苏区),1室1厅,51.61,东南,精装,有,147,28483,
东湖大郡三期,3室2厅,115.31,南 北,简装,有,516,44749,
金辉浅湾雅苑,3室2厅,89,南 北,简装,有,195,21911,
普罗旺斯,1室2厅,66.14,南 北,精装,有,106,16027,
万业湖墅金典,3室2厅,107.7,南,精装,有,289,26834,
梅林新苑,2室1厅,53.79,南,精装,无,144,26771,
五十六间,2室1厅,50.14,南,简装,无,96,19147,
世茂运河城苏和苑,2室1厅,89.19,南,精装,有,315,35318,
现代花园,2室2厅,69.5,南,简装,无,168.8,24288,
首开国风华府,2室2厅,88.77,南,精装,有,220,24783,
九龙仓繁华里,3室2厅,97.63,南,精装,有,468,47937,
派克公寓,1室1厅,53,北,精装,有,73,13774,
香城花园三区,3室2厅,112.76,南,精装,有,280,24832,
万科金域平江,3室2厅,103.89,南,精装,有,420,40428,
巴比伦花园,3室2厅,136.95,南 北,精装,有,293,21395,
新苑村,3室2厅,122.83,南,简装,无,225.7,18375,
运河邨,4室2厅,99.75,南,精装,暂无数据,135,13534,
御湖湾,3室2厅,95.6,南,精装,有,294,30754,
合景峰汇十一期,2室1厅,45,南,精装,2.75元/m3,85,18889,
湖左岸,2室2厅,102.94,东南 南,精装,有,598,58093,
金枫美地,3室2厅,83.21,南,精装,无,200,24036,
齐门人家,3室2厅,109.4,南,精装,有,283.9,25951,
绿地21城A区,5室2厅,198.47,南 北,毛坯,联排,488,24589,
徐家浜新村,3室2厅,128,南,精装,无,260,20313,
棕榈湾,4室2厅,121.19,南,毛坯,有,235,19392,
水韵花都家园,3室1厅,88.69,南,精装,有,242,27287,
绿地21城D区,4室2厅,86.99,南,精装,无,200,22992,
东湖大郡三期,2室2厅,89.44,南,精装,有,382,42711,
常发香城湾二期,3室2厅,89,南,精装,有,169,18989,
金城花园(昆山),3室2厅,147.03,南 北,精装,有,228,15508,
欧风丽苑,3室2厅,99.3,南,精装,有,238,23968,
新城金郡南区二期,3室1厅,86.92,南,精装,有,228.8,26324,
恒基水漾花城,3室2厅,115.75,南,精装,有,295,25486,
中南世纪城(昆山),3室2厅,117,南 北,精装,有,225.6,19283,
万科北宸之光,3室1厅,83.13,南,精装,有,243,29232,
相门新村,2室1厅,60.47,南 北,简装,无,178,29437,
小石城8区梧桐园,3室2厅,129.32,南,精装,有,326,25209,
黄浦君庭,3室2厅,83.03,南,精装,有,121,14574,
欧洲城,3室2厅,120,南,毛坯,有,505,42084,
家悦花园,3室2厅,121.72,南 北,毛坯,有,335,27523,
金辉融侨城,3室2厅,97.87,南,精装,有,270,27588,
香城花园一区,3室2厅,115.3,南,简装,无,245,21249,
新城招商香溪源,3室2厅,93,南,精装,有,230,24732,
东环新村,2室1厅,50.24,南,精装,无,135,26872,
鑫苑世家,3室2厅,92,南,精装,有,202,21957,
万业湖墅金典,2室2厅,80.37,南,精装,有,220,27374,
彩香二村,2室1厅,58.4,南,精装,无,149,25514,
万科城,3室2厅,93,南,精装,有,232,24947,
金地名悦,3室2厅,128,南,毛坯,有,328,25625,
富力湾四季半岛,2室2厅,89.25,南 北,精装,有,140,15686,
塘坊苑,2室1厅,57.07,南,精装,无,169,29613,
解放新村,2室1厅,57.5,南,简装,无,136,23653,
环秀湖花园,3室2厅,101,南,毛坯,有,229,22674,
新天地家园北区,2室2厅,74.14,南,简装,无,215,29000,
荷花苑,3室2厅,113.61,南,精装,无,323,28431,
大观花园,3室1厅,104,东南 南,精装,无,349,33558,
今创启园,3室2厅,89.4,南 北,精装,有,345,38591,
弘阳上湖,3室2厅,88.76,东,简装,有,298,33574,
润达新村,2室1厅,57.8,南 北,精装,无,139.8,24187,
人民路,2室1厅,67,南,简装,无,308,45971,
二郎巷,1室1厅,35.6,西,简装,无,125,35113,
苏州星健中心,2室1厅,80.5,南 西南 北,简装,商电,141,17516,
桂苑二区,3室2厅,83,南,精装,无,182,21928,
春馨园D区,2室1厅,68.16,南,简装,无,127,18633,
彩香一村三区,2室1厅,55.65,南,简装,无,127,22822,
西塘新村,3室2厅,83.5,南 北,简装,无,195,23354,
常乐新村,2室1厅,54.99,南,简装,暂无数据,88,16003,
三元三村,2室1厅,56.47,南 北,精装,无,148,26209,
龙隐水庄,2室2厅,73.17,南,毛坯,有,75,10251,
欧风丽苑,2室2厅,102.99,南,精装,有,230,22333,
新康花园,3室2厅,116,南,精装,无,300,25863,
万科北宸之光,3室2厅,83,南,精装,有,230,27711,
体育新村,2室2厅,65,南,精装,无,146,22462,
姑香苑,3室2厅,82.47,南,精装,无,215.8,26168,
青年城,3室2厅,70,南,精装,无,188,26858,
滨江裕花园,3室2厅,95.22,南,精装,有,170,17854,
万科北宸之光,3室1厅,83.31,南,精装,有,226.5,27188,
虎阜花园东区,3室2厅,78.06,南 北,毛坯,无,205,26262,
金辉优步水岸,3室2厅,87.68,南 北,精装,有,286,32619,
金益一村,3室2厅,95.32,南,精装,无,258,27067,
中南世纪城(昆山),3室2厅,89.72,南,毛坯,有,148,16496,
苏高新天之运,4室2厅,145.05,南,精装,有,405,27922,
庄先湾散盘,2室1厅,58.72,南,精装,无,239.9,40855,
苏州机电五金城,1室1厅,52,南,简装,未知,28,5385,
金塘新村,2室1厅,61.22,南,精装,无,127.5,20827,
新庄新村,2室1厅,65.5,南,简装,无,134,20459,
胥江路136号,3室1厅,75.07,南,精装,无,175,23312,
万科魅力花园,3室2厅,83.76,南,精装,有,165,19700,
昂内天骄美地,4室2厅,105,南,精装,有,390,37143,
中海御景湾,3室1厅,86.62,南,精装,有,220,25399,
金辉浅湾雅苑,3室1厅,89,南,简装,有,185,20787,
香城花园一区,3室2厅,114,南 北,精装,有,257.5,22588,
倪家苑,3室2厅,109,南,精装,无,205,18808,
万科北宸之光,3室2厅,83.3,南,精装,有,225,27011,
庆元家园,2室2厅,81,南,简装,有,152,18766,
繁华里,3室2厅,87.37,南,毛坯,有,190,21747,
石湖华城,3室2厅,107,南 北,精装,无,268,25047,
宝祥苑,3室1厅,89.66,南,精装,有,187,20857,
时代花园,3室2厅,118,南,精装,有,385,32628,
洪元弄散盘,2室1厅,57,南 北,精装,无,205,35965,
元和之春,3室2厅,136,东南,精装,有,262,19265,
新城香溢澜桥,3室2厅,95,南,精装,有,255,26843,
碧波二村,2室2厅,78.03,南,精装,无,176,22556,
鑫苑世家,4室2厅,116.79,南,精装,有,239.8,20533,
仁恒双湖湾,3室2厅,142.25,南,精装,有,915,64324,
尚城国际花园,1室1厅,46.65,东,精装,有,74.9,16056,
恒基水漾花城,2室1厅,89.9,南,简装,有,212,23582,
西湖花苑,2室2厅,83.4,南 北,精装,无,155,18586,
红旗小区,2室1厅,50.02,东南,简装,无,103,20592,
枫景苑C区,2室1厅,77,南,精装,无,115,14936,
友联一村,2室1厅,63.61,南 北,精装,无,167,26254,
吴中苑小区,3室2厅,144.4,南,精装,无,375,25970,
中南世纪城(昆山),3室2厅,98,南,精装,有,185,18878,
金辉融侨城,3室2厅,98.52,南,精装,有,267.5,27152,
万泾花园,2室1厅,63,南,精装,有,162,25715,
华村苑,3室2厅,145.07,南,精装,有,280,19302,
东港二村,3室1厅,67.8,南,精装,无,246,36284,
香城颐园,4室2厅,130,南,精装,无,301,23154,
九龙仓繁华里,3室2厅,98,南 北,精装,有,435,44388,
观景新村,3室1厅,77.43,南,简装,无,150,19373,
南山金城1958,4室2厅,88,南,精装,有,230,26137,
白鹭名邸,2室1厅,60.95,南,简装,有,100,16407,
吴江新城吾悦广场,1室1厅,57.16,东南 南,精装,有,65.5,11460,
惠宇华庭,3室2厅,93.43,南 北,毛坯,有,278,29755,
保利独墅西岸,3室2厅,116,南,毛坯,有,329,28363,
水月周庄,4室2厅,119.21,南 北,精装,无,200,16778,
万科金色里程,3室1厅,89,南,精装,有,225,25281,
东大街12号院,3室2厅,106,南,精装,无,240,22642,
保利居上,3室2厅,140,南,毛坯,有,430,30715,
万业湖墅金典,2室2厅,81,南,精装,有,216,26667,
嘉元花园北区,2室2厅,76.84,南,精装,无,177,23035,
中海国际社区（三区）,2室1厅,61,南,精装,有,278,45574,
碧波花园,3室2厅,86.57,南,精装,无,192,22179,
东花桥巷散盘,2室2厅,108,南,精装,无,450,41667,
万科北宸之光,3室2厅,85,南,精装,有,224.5,26412,
万科北宸之光,3室2厅,83.33,南,精装,有,223,26762,
新天地家园南区,3室2厅,92,南,简装,无,259,28153,
滨江汇,3室2厅,89,南,精装,有,180,20225,
越湖家天下,2室2厅,80.56,南,简装,有,196,24330,
花桥裕花园,3室2厅,88.1,南 北,毛坯,有,162,18389,
西湖君庭,3室2厅,85.37,南,精装,有,248,29051,
文昌花园,2室2厅,88,南,毛坯,有,175,19887,
三元三村,2室2厅,62.47,南 北,精装,无,143,22891,
花溪畔居南区,2室1厅,83.61,南 北,简装,无,140,16745,
苏锦一村,2室2厅,73.39,南,简装,无,210,28615,
都市花园东区,4室2厅,178.46,南,精装,无,730,40906,
中海8号公馆,3室2厅,106.3,南 北,精装,有,531,49953,
阿卡迪亚五区,2室2厅,97.13,南,精装,有,285,29343,
寺前新村,2室1厅,67.97,南,精装,无,110,16184,
启航社河东,2室1厅,46.32,南,简装,无,94,20294,
太阳星辰花园湖邑,2室2厅,88.71,南 北,精装,有,340,38325,
中海8号公馆,3室2厅,84.68,南 北,精装,有,416,49127,
香堤澜湾,2室2厅,75.62,南,精装,有,210,27771,
绿地滨江雅苑,4室2厅,132,南,精装,有,210,15910,
森隆满园,3室2厅,95,南 北,精装,有,140,14737,
金雅苑,3室2厅,86.09,南 北,精装,有,225,26136,
中海国际社区（六区）,3室2厅,106,南,精装,有,488,46038,
星榈湾,3室2厅,106.72,南,精装,有,225,21084,
首开悦澜湾,3室2厅,89.86,南,精装,有,324,36057,
中海双湾花园一期,3室2厅,87.32,南,精装,有,259,29662,
中科花苑,1室1厅,59.29,南,毛坯,有,43,7253,
中联二期澄湖花园,1室1厅,47,南,精装,暂无数据,88,18724,
彩香二村,2室1厅,49.1,南,精装,无,118,24033,
三香新村,3室1厅,79.2,南,简装,无,145,18309,
小石城2区玉兰园,3室2厅,91,南,精装,有,230,25275,
风华苑,3室2厅,129.52,南 北,简装,有,300,23163,
世茂东壹号,2室1厅,104,南,精装,有,174,16731,
阳光水榭花园,3室2厅,93.66,南,精装,有,265,28294,
阳光城丽景湾,4室2厅,125.77,南,精装,无,359.5,28584,
中海御景湾,3室2厅,86.74,南,毛坯,有,205,23634,
中海8号公馆,2室2厅,81.74,南,精装,有,429,52484,
嘉宝花园三期,3室2厅,104.1,南 东南,精装,无,270,25937,
金地名悦,3室2厅,93.45,南,毛坯,有,243,26004,
左岸尚海湾,3室2厅,137.04,南 北,简装,无,239.5,17477,
诚河新旅城一区,3室2厅,106,南 北,精装,无,248,23397,
惠宇华庭,3室2厅,92.76,南,毛坯,有,240,25874,
中海双湾花园一期,3室2厅,87.44,南,精装,有,259,29621,
万科北宸之光,3室2厅,88.7,南,精装,有,222,25029,
南环一村,3室2厅,76.25,南,精装,无,175,22951,
越湖家天下,3室2厅,106,南,精装,无,296,27925,
绿地滨江雅苑,3室2厅,109,南,精装,有,180,16514,
中海国际社区（七区）,4室2厅,141.41,南 北,毛坯,有,670,47380,
友联一村,3室2厅,86.43,南,毛坯,无,184.8,21382,
森隆蓝波湾,2室2厅,89,南 北,精装,无,120,13484,
弘阳上湖,3室2厅,101,南 北,精装,有,343,33961,
金秋家园,3室1厅,83.19,南,毛坯,有,205,24643,
华府庄园,3室2厅,97.91,南,精装,暂无数据,186,18998,
万科碧桂园,3室2厅,106.58,南,精装,有,276,25897,
御花园玫瑰园,2室2厅,71.85,南,简装,无,380,52888,
东港二村,2室1厅,58,南,简装,无,227,39138,
启航社河东,2室1厅,71,南 北,精装,有,125,17606,
星湖名轩,2室1厅,62.59,南,精装,有,218,34830,
万科未来之城,3室1厅,89.39,南 北,毛坯,有,138,15438,
彩香一村三区,2室2厅,76.21,南,简装,无,172,22570,
象屿都城,2室2厅,65.07,南,毛坯,有,120,18442,
万科未来之城,3室1厅,89,南,毛坯,有,138,15506,
湖岸名家南区,3室2厅,116.03,南,精装,有,285,24563,
金辉优步花园,3室2厅,88,南,精装,有,307.5,34944,
越湖花园,2室2厅,80.4,南,简装,无,176,21891,
金桥新村,2室2厅,71.53,南,精装,无,165,23068,
世茂東外滩,3室2厅,113.9,南,毛坯,有,205,17999,
鲈乡四区,3室1厅,92.69,南,精装,无,156,16831,
维纳阳光花园南区,3室2厅,80,南 北,精装,有,227.5,28438,
天亚水景城,3室1厅,94.08,南,精装,有,202,21472,
四季晶华,2室2厅,86.4,东南 南,精装,有,370,42825,
仁安街新村,2室1厅,47.32,南,精装,无,110,23246,
滨江裕花园,2室2厅,72,南,精装,有,121,16806,
里河新村（二三四村）,2室1厅,45.98,南,简装,无,113,24576,
和泰家园,2室1厅,74.39,南,简装,有,166,22315,
九方城天悦,1室1厅,54.3,北,精装,有,97,17864,
新湖明珠城紫桂苑,3室1厅,89.76,南,毛坯,有,220,24510,
彩香二村,2室1厅,53.27,南,精装,无,158.8,29811,
现代花园,2室1厅,78.95,南,简装,无,202,25586,
友联一村,2室1厅,64.6,南,简装,无,153,23685,
恒基水漾花城,2室1厅,89.21,南 北,精装,有,226,25334,
庆元家园,2室2厅,80.03,南,简装,有,152,18993,
新区港龙城市商业广场,2室2厅,47,南,精装,商电,72,15320,
香城花园二区,2室2厅,94.37,南,精装,无,226,23949,
宝祥苑,2室1厅,65,南,精装,有,132,20308,
宝祥苑,2室2厅,79.09,南,精装,有,170,21495,
友联二村,2室1厅,61.3,南,精装,无,132,21534,
景瑞东环之歌,3室2厅,84.64,南 北,精装,有,180.8,21362,
鑫之苑,2室2厅,85.4,南,毛坯,有,210,24591,
长欣苑,2室1厅,90,南,精装,无,230,25556,
解放新村,2室1厅,53.7,南,精装,无,129,24023,
阳光水榭花园,3室2厅,135.5,南,其他,无,318,23469,
绿地萃雅苑,3室2厅,92.65,南,毛坯,有,245,26444,
惠丰花园,2室1厅,60.68,南,简装,无,135,22248,
官渎花园,2室1厅,57.34,南,精装,无,141,24591,
三元一村,2室2厅,69.4,南,精装,无,168,24208,
葑谊新村南区,2室1厅,50,南,简装,无,127.7,25540,
苏安新村,2室1厅,47.48,南,简装,无,129.5,27275,
三元三村,2室1厅,54.5,南,精装,无,139,25505,
蓝光天悦城,3室2厅,100,南,精装,有,295,29500,
橡树湾花园,2室2厅,79.2,南,精装,有,195,24622,
红叶花园一区,1室2厅,71.32,南,毛坯,暂无数据,133,18649,
绿地21城D区,2室2厅,74.8,南,精装,有,142,18984,
普罗旺斯,2室1厅,59.91,南,精装,有,102,17026,
绿地江南华府,3室2厅,112.27,南,毛坯,有,215,19151,
常发豪郡南区,2室1厅,75,南,毛坯,有,90,12000,
象屿都城,2室1厅,69.07,西南,精装,有,145,20994,
中海国际社区（六区）,3室2厅,94.39,南 北,精装,有,440,46616,
九龙仓风华里,3室2厅,101,南,精装,有,538,53268,
世茂蝶湖湾,2室2厅,79.88,南,精装,有,99.8,12494,
锦绣园,2室2厅,89.49,南,精装,暂无数据,117.5,13130,
茶风商苑,2室1厅,65,南,精装,有,81,12462,
菁英汇,2室1厅,77.91,南,精装,有,130,16686,
花苑新村（花桥）,2室2厅,96.83,南 北,毛坯,无,135,13942,
万达广场(姑苏区),1室1厅,51.72,东南,简装,有,148.5,28713,
西中市散盘,2室1厅,54.45,南,简装,暂无数据,108,19835,
东百花巷,2室1厅,54.12,南,精装,无,236,43607,
中海御景湾,3室2厅,88.22,南,精装,有,215,24371,
都市花园西区,3室2厅,118,南,精装,有,580,49153,
香榭水岸,3室2厅,121,南,精装,有,313,25868,
新康花园,3室2厅,131,南 北,精装,有,335,25573,
万科未来之城,3室2厅,89,南,精装,有,150,16854,
合景叠翠峰,3室2厅,89,南 北,精装,有,283,31798,
城市公寓,3室2厅,161.82,南,精装,有,349.9,21623,
恒基旭辉发现岛,2室1厅,48.67,南,精装,商电,94,19314,
万科北宸之光,3室2厅,83.3,南 北,精装,有,221,26531,
新创宝带熙岸,3室2厅,121,南,精装,有,295,24381,
美之国花园,3室2厅,122.49,南,简装,无,269,21961,
冠南苑,3室2厅,137,南,精装,有,340,24818,
高浜一村,4室2厅,111,南,简装,无,204,18379,
海亮香榭时光,1室1厅,40,西,精装,2.75元/m3,43,10750,
凯悦大厦,1室1厅,39.37,北,精装,有,63,16003,
苏锦一村,2室1厅,59,南,简装,无,166,28136,
三元二村,2室1厅,61.92,南,简装,无,142,22933,
大唐花苑南区,1室1厅,55,南,精装,暂无数据,58,10546,
三元四村,2室1厅,58.72,南,简装,无,151,25716,
官渎花园,2室1厅,58,南,简装,无,139,23966,
万科魅力花园,4室2厅,123,南 北,精装,有,224,18212,
新城石湖公馆,3室2厅,95.23,南,精装,有,247.8,26022,
新华舍,3室2厅,91,南,毛坯,有,170,18682,
昆山花园,3室2厅,139.6,南 北,精装,暂无数据,245,17551,
云锦苑二区,3室2厅,90,南,精装,有,175,19445,
棕榈湾,3室2厅,105.35,南,精装,有,235,22307,
盘蠡花园,2室2厅,93.6,南,精装,无,247,26389,
水语金成花园,3室2厅,93,南 西南,精装,有,240,25807,
桐泾南路510号,2室1厅,57.84,南,简装,无,110,19018,
首创悦都,3室2厅,93,南,精装,有,165,17742,
新城香溢澜桥,3室1厅,95,南,精装,有,255,26843,
汇翠花园,3室1厅,76.83,南 北,简装,无,235,30588,
鑫苑国际城市花园(虎丘区),3室1厅,90.05,南,精装,有,329,36536,
合景睿峰,3室1厅,46.65,北,精装,有,59,12648,
全功路社区,3室2厅,103.24,南,精装,暂无数据,77,7459,
保利居上,3室2厅,86.85,南,精装,有,280,32240,
嘉宝梦之晨,3室2厅,89.8,南,精装,有,185,20602,
东湖大郡一期东区,3室2厅,141.75,南,毛坯,有,555,39154,
首开班芙春天花园,4室2厅,144.36,南,精装,有,317,21959,
富华苑,2室2厅,86.84,南,精装,无,269,30977,
冠城大通蓝湾,2室2厅,84.84,南,精装,有,170,20038,
嘉元路1069号附院,4室2厅,141.05,南 北,精装,无,256,18150,
首开国风华府,3室2厅,91,南,精装,有,220,24176,
南山柠檬花园柠府,3室2厅,94,南,毛坯,有,212,22554,
城邦花园东区,3室2厅,129,南,精装,有,544,42171,
绿色时光花园西区,2室2厅,82,南,简装,有,155,18903,
恒基水漾花城,3室2厅,115.66,南,精装,有,315,27235,
招商依云华苑,3室2厅,89,南,精装,有,234.8,26383,
越湖家天下,3室2厅,101,南,精装,无,289,28614,
柳家浜,3室1厅,80.6,南,精装,无,184,22829,
东环新村,2室1厅,66.7,南,精装,暂无数据,190,28486,
玫瑰湾,2室2厅,75.38,南,其他,有,130,17246,
永林新村,2室1厅,48.12,南,精装,无,125,25977,
蓬曦园A4区,2室1厅,63,南 北,精装,无,95,15080,
先奇园北区,3室2厅,87.4,西,精装,无,178,20367,
彩香一村三区,2室1厅,53.28,南,简装,无,126,23649,
彩香一村四区,3室1厅,70,南,精装,无,174,24858,
百灵佳苑南区,2室2厅,88,南 北,简装,无,120,13637,
首开班芙春天花园,3室2厅,100,南,精装,有,240,24000,
新城红树湾,3室2厅,86,南,精装,有,205,23838,
锦华园,3室1厅,86,南,简装,暂无数据,130,15117,
鑫苑国际城市花园(虎丘区),3室1厅,87.85,南,精装,有,285,32442,
永林新村,3室1厅,80,南,简装,无,195,24375,
合景叠翠峰,3室2厅,89.8,南,精装,有,273,30401,
朗诗未来街区,3室2厅,77,南,精装,无,295,38312,
新城香溢澜桥,3室2厅,92.6,南,精装,有,245,26458,
彩香一村五区,3室2厅,78.11,东南,简装,无,170,21765,
国际华城,2室2厅,92,南,精装,无,165,17935,
冠城大通蓝湾,3室2厅,122.23,南,精装,有,220,17999,
中海国际社区（三区）,3室1厅,89.13,南,精装,有,440,49367,
小石城6区香樟园,3室2厅,89.95,南,精装,有,223,24792,
旭辉苹果乐园,3室2厅,89,南,简装,有,183,20562,
佳兆业君汇上品,3室2厅,93.68,南,精装,有,230,24552,
首开国风华府,3室2厅,89,南,精装,有,220,24720,
新南环新村四组团,2室2厅,72.8,南,精装,有,190,26099,
领秀金品花苑,2室1厅,63.47,南,简装,有,145,22846,
永林二区,3室2厅,85.07,南 北,精装,无,252,29623,
伟业迎春丽家,2室2厅,78.32,南,精装,有,174.8,22319,
宝祥苑,2室1厅,78,北 南,精装,有,155,19872,
安元佳苑三区,2室2厅,66.07,南,精装,无,158,23915,
红旗小区,2室1厅,47.68,南,精装,无,115,24120,
中央景城,4室2厅,140.77,南 北,精装,有,800,56831,
嘉和丽园,2室2厅,97,南 北,精装,有,197,20310,
胥江路136号,5室1厅,87.32,南,精装,无,214,24508,
徐家浜新村,3室2厅,132.74,南,毛坯,无,255,19211,
水岸清华瀚宫,3室2厅,135.12,南,简装,有,338,25015,
阳光天地,2室1厅,76.3,南,精装,有,228,29883,
苏州铂悦府,4室2厅,141.49,南,精装,有,810,57248,
万盛园,2室1厅,63.86,南,毛坯,有,80,12528,
和美家园,3室1厅,94.89,南,精装,有,192,20234,
中海国际社区（三区）,1室1厅,61.09,南,精装,有,289,47308,
启航社河东,1室2厅,53.83,南,精装,有,87,16162,
珠江首府,1室1厅,48.36,南,简装,民电,46.5,9616,
悬珠花园西区,1室1厅,51.36,南,精装,无,130,25312,
三元二村,2室1厅,58.95,南,简装,无,145,24598,
南浩街5号,2室1厅,34.32,南,精装,无,98,28555,
枫情佳苑,4室2厅,159,南 北,精装,无,150,9434,
水月周庄,5室3厅,121,南,毛坯,叠拼,169,13967,
红星国际生活广场,3室2厅,128.47,南 北,毛坯,有,288,22418,
中吴红玺御园,4室2厅,184.45,南,毛坯,有,274,14855,
保利悦玺,3室2厅,119.6,南,精装,有,418,34950,
九龙仓繁华里,3室1厅,98,南,精装,有,455,46429,
都市VIP,1室1厅,54.16,北,精装,商电,55,10156,
娄江新村(姑苏区),3室1厅,83.97,南,精装,无,215,25605,
阳光城丽景湾,3室2厅,93,南,精装,有,187,20108,
解放新村,2室1厅,56.31,南,简装,无,118,20956,
阳光水韵,2室2厅,77.5,南,精装,无,189,24388,
绿景苏州公馆,1室1厅,50.62,南,精装,2.75元/m3,76,15014,
绿地21城D区,2室2厅,74.8,南 北,精装,无,142,18984,
白塘壹号,2室2厅,83.84,南,精装,有,375,44729,
优山美地,2室1厅,54,南,精装,有,184,34075,
高浜二村,1室1厅,45,南,精装,无,125,27778,
越湖家天下,2室1厅,87.77,南,精装,有,230,26205,
美华西村,2室1厅,63,南,精装,无,112,17778,
里河一村,2室1厅,57.26,南,精装,无,139.2,24311,
都市VIP,1室2厅,51,北,精装,商电,62,12157,
三香新村,2室1厅,48.63,南,精装,无,105,21592,
恒基水漾花城,2室2厅,79.26,南,精装,有,209.9,26483,
浒墅人家三区,2室2厅,108,南,精装,有,189,17500,
尚青景苑,2室1厅,66.1,东 西,精装,有,115,17398,
宝祥苑,2室2厅,79.99,南,精装,有,167,20878,
苏悦广场,1室1厅,63.27,西,精装,有,520,82188,
美之国花园,3室2厅,105.26,南,简装,无,261,24796,
加城湖滨公寓,3室2厅,133.67,南,精装,有,644,48179,
恒基水漾花城,3室1厅,88.28,南,毛坯,有,220,24921,
招商依云华苑,3室2厅,110,南 北,精装,有,280,25455,
香城花园三区,3室2厅,123,南,精装,无,305,24797,
娄江新村(姑苏区),2室1厅,45.25,南 北,简装,无,125,27625,
新苑村,3室2厅,71,南,精装,无,165,23240,
新康花园,3室2厅,121,南 东南,简装,无,285,23554,
新城招商香溪源,3室2厅,93,南,精装,有,230,24732,
香山花园,3室2厅,122.49,南,毛坯,无,155,12655,
津西美墅馆,4室2厅,106.57,南,毛坯,有,268,25148,
北园新村,2室1厅,53.6,南,精装,无,127,23695,
新城金郡南区二期,2室2厅,80.96,南,精装,有,190,23469,
华润凯旋门,4室2厅,142.13,南 北,精装,有,349.5,24591,
新南环新村一组团,2室2厅,81.29,南,精装,有,210,25834,
云锦苑二区,3室2厅,89.38,南,精装,有,170,19020,
荷澜庭,3室2厅,140,南,毛坯,暂无数据,780,55715,
中海国际社区（五区）,4室2厅,138.99,南,精装,有,720,51803,
合景峰汇四期,3室2厅,93,南,精装,有,240,25807,
阳光昆城苑,3室2厅,116.68,南 北,精装,无,203,17399,
中海御景湾,3室2厅,88,南,精装,有,217,24660,
欧风丽苑,2室1厅,59.6,南 北,精装,无,160,26846,
万科金色里程,3室2厅,89.5,南,精装,有,220,24582,
东浜新苑南区,3室2厅,82.5,南,精装,无,215,26061,
鼎盛花园,3室2厅,120.88,南,精装,无,365,30196,
棕榈湾,2室2厅,76,南,精装,有,154.6,20343,
锦景园,2室2厅,78.34,东南,简装,暂无数据,84,10723,
派克公寓,0室0厅,52.74,北,简装,有,74,14032,
南石湖花园,2室1厅,62.6,南,毛坯,无,147,23483,
嘉宝花园三期,3室2厅,83,东,精装,无,219.9,26494,
齐门人家,2室2厅,84.33,南,毛坯,有,238,28223,
和美家园,2室2厅,69.29,南,毛坯,有,143,20638,
彩香二村,2室1厅,57.44,南,简装,无,134,23329,
一斗山路,2室1厅,57.38,南,简装,无,160,27885,
水香七村,2室1厅,71.6,南,简装,无,160,22347,
苏州湾景苑,2室2厅,101,南,精装,有,310,30694,
万达广场(姑苏区),1室1厅,53,南,精装,有,155,29246,
彩香二村,2室0厅,53.27,南,精装,无,137,25719,
红旗小区,2室1厅,49.89,南,简装,无,98,19644,
和美家园,2室1厅,74.09,南,精装,有,159,21461,
彩香二村,2室1厅,54,东南,简装,无,115,21297,
金辉融侨城,3室2厅,98.81,南,精装,有,238,24087,
中翔商贸城二区,1室1厅,46,北,简装,有,58,12609,
胥江路136号,1室1厅,43.75,南,简装,无,95,21715,
嘉裕花园(姑苏区),2室1厅,63.94,南 北,毛坯,有,160,25024,
吴中西路57号,2室1厅,51,南,简装,无,120,23530,
阳光天地,2室1厅,79.41,南,毛坯,有,225,28334,
湖滨花园(吴中区),3室2厅,131.28,西北,精装,有,257,19577,
苏安新村,3室2厅,65.06,南,精装,无,193,29665,
御苑家园A区,2室1厅,72.24,南,精装,无,173,23948,
华润城立方,4室2厅,120.26,南,毛坯,有,317,26360,
恒基旭辉城,3室2厅,89,南,简装,有,200,22472,
和美家园,2室1厅,69.29,南,精装,有,148,21360,
华府庄园,2室2厅,81.21,南,毛坯,有,129,15885,
滨江汇,3室2厅,87.46,南,毛坯,有,163,18638,
南山维拉,3室2厅,100,南 北,毛坯,暂无数据,190,19000,
玻纤路新村,2室1厅,50.78,南,简装,无,97,19103,
悬珠花园西区,1室1厅,52,南,简装,无,130,25000,
合景睿峰,2室2厅,44.85,北,简装,有,58,12932,
金山浜花园,2室1厅,64,南,毛坯,无,150,23438,
常发香城湾二期,3室2厅,89.92,南,简装,有,170,18906,
东港二村,1室1厅,42.59,南,简装,无,135,31698,
三元四村,2室1厅,58.48,南,简装,无,142.8,24419,
海亮长桥府,3室1厅,94.75,南,精装,有,214.6,22650,
湄长新村,2室1厅,62.35,南,简装,无,142.5,22855,
永诚国际广场,2室1厅,40.79,南,精装,商电,62.5,15323,
昆山雅居乐花园,2室2厅,82,南,毛坯,有,106.8,13025,
尚景湾,2室1厅,99.6,南,简装,有,212,21286,
徐家浜二村,1室1厅,47.2,南,精装,无,138.5,29344,
花桥裕花园,2室1厅,65,南 北,毛坯,有,106,16308,
水香五村,3室1厅,60,南 北,精装,无,146,24334,
友联二村,2室1厅,61.3,南,简装,无,150,24470,
滨江裕花园,2室2厅,89,南,精装,有,150,16854,
鑫苑湖居世家,2室2厅,77.54,南,精装,有,238,30694,
鑫苑国际城市花园(昆山市),2室2厅,89,南,毛坯,有,136,15281,
合景睿峰,3室2厅,46,南,精装,有,66,14348,
竹苑新村（姑苏）,2室1厅,75.36,南,精装,无,338,44852,
金榈湾西区,2室2厅,87,南,精装,有,171,19656,
万科金品家园,4室2厅,130,南,精装,有,448,34462,
金地名悦,3室2厅,93.4,南,精装,有,268,28694,
鑫苑国际城市花园(虎丘区),4室2厅,89,南,简装,有,315,35394,
诚河新旅城三区,3室2厅,97,南,精装,有,247,25464,
天筑家园北区,3室2厅,116,南,精装,有,356,30690,
招商依云华苑,3室1厅,89,南 北,精装,有,248,27866,
金锦苑,3室2厅,88,南 北,精装,有,299,33978,
星光耀花园二期,3室2厅,89.75,南,精装,有,220,24513,
万科北宸之光,3室2厅,85,南,精装,有,218,25648,
合景领峰,3室2厅,85.18,南,精装,有,262,30759,
合景峰汇瑜翠园,3室2厅,93,南,精装,有,165,17742,
淞泽家园（五区）,3室2厅,104.75,南,精装,无,265,25299,
锦尚花苑,2室2厅,94,南,精装,暂无数据,136.8,14554,
中海御景湾,3室2厅,89.14,南,精装,有,215,24120,
星光耀花园一期,3室2厅,90.25,南,精装,有,230,25485,
鑫苑世家,3室2厅,105,南 北,精装,有,222,21143,
九龙仓碧堤雅苑,4室2厅,135.25,南,毛坯,叠拼,530,39187,
中海御湖熙岸西区,3室2厅,138.55,南,精装,有,760,54854,
月亮湾3号美颂花园,3室2厅,96.44,南,精装,有,478,49565,
永平家园,3室2厅,129,南,精装,无,164,12714,
保利独墅西岸,3室2厅,114.54,南,精装,有,348,30383,
盘胥路739号,2室1厅,63.29,南 北,精装,无,162,25597,
汇翠花园,3室2厅,106,南,精装,无,268,25284,
万科碧桂园,3室2厅,91,东南,精装,有,200,21979,
欧风丽苑,2室2厅,97,南,精装,有,228,23506,
云锦苑二区,2室2厅,89.76,南,精装,有,175,19497,
竹辉新村,3室1厅,81.17,南,简装,无,238,29322,
万科四季风景商业,3室2厅,93.14,南,精装,有,199,21366,
友联一村,2室1厅,75.06,南,精装,无,185,24647,
通安碧桂园,3室2厅,93,南,精装,有,175,18818,
新城香溢紫郡二期,3室2厅,89,南,精装,有,158,17753,
东港新村,3室1厅,74.1,南,简装,无,242,32659,
华强阳光都城花园南区,3室2厅,62,南,精装,暂无数据,77,12420,
广大家园,3室1厅,77,南,精装,无,198,25715,
小石城6区香樟园,3室2厅,89.62,南,精装,有,228,25441,
万科魅力花园,3室2厅,86.32,南 北,精装,有,209,24213,
新元新村,3室1厅,68.64,南,精装,无,165,24039,
中海御景湾,3室2厅,89.3,南,精装,有,219,24525,
万科北宸之光,3室2厅,84.98,南,精装,有,239.8,28219,
嘉宝梦之晨,4室1厅,138,南,精装,有,272,19711,
群星苑三区,3室1厅,113.31,南,精装,有,298,26300,
彩香一村三区,3室1厅,71.43,南,精装,无,173,24220,
冠城大通蓝湾,3室1厅,88,南,精装,有,163,18523,
旭辉苹果乐园,3室2厅,89,东南,精装,有,189,21236,
象屿都城,3室2厅,86,南 北,精装,有,220,25582,
欧风丽苑,3室2厅,96.43,南,精装,有,230,23852,
旭辉御府,3室1厅,86.53,南 北,精装,有,353,40796,
小石城8区梧桐园,3室2厅,96.17,南,精装,有,236,24540,
锦绣江南(相城区),3室2厅,128.3,南,精装,无,252,19642,
棕榈湾,3室2厅,105,南,精装,有,255,24286,
合景峰汇瑜翠园,3室2厅,93,南,精装,有,168,18065,
香堤澜湾,3室1厅,92,南,精装,有,265,28805,
鑫苑国际城市花园(虎丘区),2室2厅,86.97,南,精装,有,285,32770,
大观花园,3室2厅,116,南,精装,无,370,31897,
新城域花园,2室2厅,86.11,南,精装,有,135,15678,
星光耀商业广场,1室1厅,39,东南,毛坯,2.75元/m3,50,12821,
嘉业阳光假日一二期,1室1厅,44.12,西北,精装,有,120,27199,
联合广场,1室1厅,31.38,南,精装,2.75元/m3,43,13703,
莲花新村二区,2室2厅,68.34,南,精装,无,198,28973,
大德世家,2室2厅,87,南 北,毛坯,无,159,18276,
宝家丽公寓,1室1厅,34,北,简装,有,36,10589,
丽致星河,1室0厅,36,南,精装,有,56,15556,
阳光嘉园,1室1厅,50,南,精装,有,89,17800,
双洋湖新村,3室1厅,87,南,精装,暂无数据,78,8966,
鲈乡二区,2室1厅,64.18,南,简装,无,120,18698,
世纪花园（高新）,6室2厅,182,南,精装,无,418,22968,
富力湾四季半岛,1室1厅,56.47,南 北,精装,有,85,15053,
启航社河西区,2室2厅,71.43,南,精装,有,114,15960,
齐门人家,1室2厅,64.22,南,毛坯,有,179,27873,
鑫苑国际城市花园(昆山市),2室2厅,89.9,南,毛坯,有,133,14795,
新湖明珠城望湖苑,2室2厅,77.7,南,精装,有,183,23553,
宝带一村,3室2厅,106,南,精装,无,216,20378,
现代花园,3室1厅,78.8,南,精装,无,177,22462,
颐景园,3室2厅,113,南,精装,有,228,20177,
富达大厦,1室1厅,40.65,东北,精装,有,65.8,16187,
格林悦城花园,2室2厅,54.65,南,毛坯,2.75元/m3,68,12443,
领秀江南,3室2厅,120.6,南,精装,有,410,33997,
晨曦怡庭,3室2厅,96.5,南,精装,有,245,25389,
湖滨华城吉祥苑,1室1厅,59,南,毛坯,有,105.5,17882,
夏园新村,2室1厅,73.38,南,精装,无,208,28346,
彩香一村三区,2室1厅,49.1,南,简装,无,126,25662,
彩香二村,2室1厅,61.22,南,精装,无,139,22705,
华通花园二区,2室2厅,61.08,南,简装,无,125,20465,
吴中二村,3室2厅,83.42,南 北,精装,无,180,21578,
娄江新村(姑苏区),2室1厅,56,南,简装,无,144.7,25840,
阳光水榭花园,3室2厅,94,南,精装,有,265,28192,
富隆花园,2室2厅,89,南,简装,有,151.8,17057,
华恒家园,3室1厅,79.6,南 北,精装,无,244,30654,
杨枝三村,2室1厅,59.8,南,精装,无,148,24750,
保利悦玺,2室2厅,83.25,南,精装,有,274,32913,
群星苑一区,2室1厅,69.9,南,毛坯,有,180,25752,
三元三村,2室1厅,60.63,南 北,简装,无,150,24741,
中海国际社区（一区）,5室3厅,283.43,南 北,简装,联排,1478,52147,
旭辉悦庭,2室2厅,76.03,南,精装,有,169,22229,
新城红树湾,2室2厅,76.91,南,简装,有,184,23925,
玉成家园一期,2室1厅,65.9,南,精装,有,160,24280,
欧风丽苑,2室2厅,59.51,南 北,精装,无,162,27223,
张泾新村三区,1室1厅,43.74,南,简装,有,128.5,29379,
金桥新村,2室2厅,72.31,南,精装,无,165,22819,
新湖明珠城聆湖苑,3室2厅,87.31,南,精装,有,216,24740,
葑谊新村南区,2室2厅,82.5,南,精装,无,230,27879,
虎丘路新村,2室1厅,73.76,南 北,简装,无,165,22370,
新城香溢紫郡二期,3室2厅,89.14,南,精装,有,166.5,18679,
启航社河东,2室1厅,50.17,南 北,简装,有,90,17940,
春申景城,2室2厅,75.52,南 北,精装,无,136,18009,
万科遇见山,3室2厅,114.77,南,简装,暂无数据,290,25268,
中海双湾锦园,2室2厅,79.16,南,精装,有,235,29687,
首开班芙春天花园,2室2厅,99.08,南,精装,有,213.9,21589,
棕榈湾,2室2厅,81.61,南,精装,有,146,17890,
满庭芳花园,2室2厅,82.8,南,精装,无,130.8,15798,
水香二村,3室2厅,93.54,南,精装,无,206,22023,
新城花园（工业园区）,2室1厅,78,南 北,精装,无,330,42308,
华润城立方,4室2厅,120,南,精装,有,320,26667,
东港新村,3室1厅,75.55,南,简装,无,233,30841,
鑫苑国际城市花园(虎丘区),3室2厅,100.83,南,精装,有,355,35208,
嘉业阳光假日四期,3室2厅,113,南,精装,无,370,32744,
庆元家园,3室2厅,130,南,精装,有,210,16154,
海亮香榭里,4室2厅,117.13,南,毛坯,有,335,28601,
万科碧桂园,3室2厅,93,南 北,精装,有,208,22366,
嘉和丽园,2室2厅,97,南,精装,有,199,20516,
万宇名都花园,2室1厅,85.42,东 南,精装,有,204,23882,
文萃苑,3室2厅,132.54,南,精装,无,405,30557,
永新大成珺,3室2厅,89,南,精装,有,215,24158,
何山花园南区,2室2厅,77.69,南,精装,无,312,40160,
宝祥苑,2室1厅,79.08,南,毛坯,有,157.6,19930,
新康花园,2室2厅,99.73,南,精装,无,265,26572,
菱塘新村一期,2室1厅,50.89,南,精装,无,133,26135,
鑫苑国际城市花园(虎丘区),2室2厅,84.05,南,精装,有,279.5,33255,
三元二村,2室1厅,58.9,南,精装,无,145,24618,
现代花园,1室1厅,48,南,精装,无,127,26459,
玉盘家园,2室1厅,63.83,南,简装,无,108,16920,
沁怡家园,2室2厅,102,南,精装,有,480,47059,
三元三村,2室1厅,56.6,南,简装,无,149,26326,
苏高新地产天城花园,3室2厅,115,东南,毛坯,有,213,18522,
中海双湾花园二期,3室2厅,88,南,精装,有,278,31591,
保利悦玺,2室1厅,84,南,精装,有,272,32381,
太湖纯水岸花园,2室1厅,79,南,精装,有,138,17469,
盘溪新村,2室1厅,55.26,南,简装,无,106,19183,
鑫隆广场,2室2厅,98.62,南,精装,有,142,14399,
欧风丽苑,1室1厅,74.82,南,精装,有,149,19915,
长江花园三区,2室1厅,59.7,南,精装,无,128,21441,
枫景苑A区,2室2厅,85.2,南,精装,无,130,15259,
华通花园二区,2室1厅,60,南,简装,无,117,19500,
劳动路98号,2室1厅,58.91,南,简装,无,137.5,23341,
娱乐新村,2室1厅,57,南,精装,无,109.8,19264,
万科魅力花园,2室2厅,65,南,精装,有,120.8,18585,
祥瑞香逸尚城,2室1厅,65.93,南,精装,有,125,18960,
东浜新苑南区,2室1厅,62.28,南,简装,无,209.9,33703,
康桥溪岸花园,3室2厅,80.75,南,精装,有,210,26007,
中梁香缇,2室1厅,44.42,东,精装,2.75元/m3,98,22063,
御苑家园B、C区,2室1厅,72,南,简装,有,161,22362,
万科北宸之光,2室1厅,67.98,南,精装,有,190,27950,
新湖明珠城紫桂苑,3室2厅,89.59,南,精装,有,230,25673,
龙隐水庄,2室1厅,73.36,东 南 北,精装,有,81,11042,
海上印象,2室2厅,86.38,南,其他,无,126,14587,
友联二村,3室2厅,74.5,南,简装,无,170,22819,
国泰三村,2室2厅,80,南,毛坯,无,182,22750,
万科未来之城,3室2厅,89,南 北,精装,有,153,17192,
淞泽家园（四区）,2室1厅,61.32,南,精装,无,170,27724,
解放新村,2室1厅,63,南,简装,无,135,21429,
万宇名都花园,2室2厅,92,南 北,精装,有,194,21087,
景瑞御江山,3室2厅,89,南,精装,有,228,25618,
新庄新村,2室1厅,52.27,南,毛坯,无,103,19706,
冠南苑,2室1厅,83.91,南,精装,有,230,27411,
东环新村,2室1厅,55.29,南,简装,无,145,26226,
青山溪语花园,2室1厅,63.5,南,精装,无,136,21418,
阳光水榭花园,3室2厅,101.28,南,精装,有,288,28437,
里河一村,2室1厅,57.26,南,简装,无,140,24450,
华通花园一区,2室1厅,60,南,简装,无,123,20500,
淞泽家园九区,2室1厅,62,南,简装,无,169,27259,
万科魅力花园,2室2厅,66,南,精装,有,118,17879,
常发香城湾二期,2室2厅,82.9,南,精装,有,150,18095,
苏安新村,2室1厅,46.65,南,精装,无,140,30011,
东一路,3室1厅,67,南,简装,暂无数据,178.2,26598,
宝邻苑,2室1厅,57,南,精装,无,141,24737,
阳山花苑一区,2室1厅,60.5,南,精装,无,132,21819,
金塘新村,2室1厅,61,南,精装,无,135,22132,
宏葑新村,2室1厅,65.2,南,其他,无,190,29142,
滨江汇,3室2厅,87.5,南,毛坯,有,150,17143,
花溪公馆,3室1厅,102.39,南,精装,有,204.9,20012,
绿地21城A区,4室3厅,156.94,南,毛坯,叠拼,275,17523,
棕榈湾,2室2厅,78.08,南,简装,有,139,17803,
象屿都城怡园,3室2厅,83.12,南,毛坯,有,158,19009,
碧悦湾,3室2厅,125,南 北,毛坯,有,163,13040,
国际华城,2室2厅,93.8,南 北,简装,无,158,16845,
十梓街散盘,2室1厅,37.8,南,简装,无,105,27778,
格林华城,3室2厅,89.58,南 北,精装,无,166.6,18598,
中海国际社区（四区）,2室2厅,96.7,南,精装,有,425,43951,
中南世纪城,3室2厅,105.6,南,精装,有,250,23675,
太阳星辰花园湖邑,2室2厅,88,南,精装,有,348,39546,
香城花园三区,4室2厅,110,南 北,精装,无,280,25455,
水云居西区,3室2厅,138,南,精装,有,776,56232,
蓝光天悦城,3室2厅,100,南,精装,有,288,28800,
三元四村,2室1厅,60.77,南,精装,无,147,24190,
环秀湖花园,3室1厅,89.36,南 北,精装,有,240,26858,
保利观湖国际,4室2厅,143.2,南 北,精装,有,410,28632,
新庄新村,1室1厅,41.66,南 北,简装,无,87,20884,
高尔夫花园,3室2厅,145.75,南,精装,有,620,42539,
世茂运河城瀚河苑,3室2厅,89.23,南,精装,有,360,40346,
杨枝二村,3室1厅,65.04,南 北,精装,无,161.7,24862,
启航社河东,1室2厅,49,南,精装,有,75,15307,
首创悦都,1室1厅,53.92,南,精装,有,94,17434,
陆家嘴锦绣澜山,3室2厅,104.89,南,毛坯,有,210,20021,
星榈湾,3室2厅,110.75,南,精装,有,245,22122,
中航樾公馆,4室2厅,126,南,毛坯,有,385,30556,
万科魅力花园,3室1厅,89.54,南 北,精装,有,167,18651,
康锦苑,3室2厅,147.21,南 北,精装,有,296,20108,
保利居上,3室1厅,85.9,南 北,精装,有,292,33994,
万科碧桂园,3室2厅,90.5,南 北,精装,有,201.8,22299,
桂花新村,3室2厅,125,南,简装,无,505,40400,
中科花苑,3室2厅,110,南 北,简装,有,187.5,17046,
九龙仓碧堤半岛,3室2厅,96,南,精装,有,288,30000,
富元家园,3室2厅,128,南,精装,有,210,16407,
海亮长桥府,3室2厅,94.37,南,毛坯,有,208,22041,
旭辉美澜城,3室2厅,89,南,精装,有,233,26180,
瑞景国际,3室2厅,105.73,南,毛坯,有,205,19390,
路劲主场一期,3室2厅,103.61,南,精装,有,390,37642,
冠云花园,3室2厅,117,南,精装,无,235,20086,
顺城名湾,3室2厅,91,南,简装,有,130,14286,
越湖名邸,3室2厅,125,南,精装,有,280,22400,
水岸清华瀚宫,3室2厅,89,南,精装,有,270,30338,
新城金郡南区二期,3室1厅,89.43,南,精装,有,219,24489,
清水湾花园,3室1厅,122,南,精装,有,253,20738,
理想家园,3室1厅,108.75,南,精装,有,217,19955,
永新大成珺,3室2厅,88.93,南,精装,有,212,23839,
梅亭苑,4室2厅,112,南,精装,无,218,19465,
现代花园,4室2厅,101,南,简装,无,200,19802,
宝祥苑,3室1厅,79.6,南,精装,有,162,20352,
新苑村,3室2厅,72.49,南,精装,无,165,22762,
旭辉苹果乐园,3室1厅,89.93,北 南,简装,有,175,19460,
万科碧桂园,3室2厅,90.06,南,精装,有,203,22541,
领秀金品花苑,3室2厅,110.45,南,毛坯,有,223,20191,
太平新邨,3室2厅,95,南 北,精装,暂无数据,95,10000,
阳光世纪花园,3室2厅,101.57,南,简装,无,180,17722,
九龙豪苑,3室2厅,103,南 北,精装,无,194,18835,
翠园新村,3室1厅,76.89,南,简装,无,283,36806,
恒达清水园,3室2厅,137.08,南,精装,有,398,29035,
阳光城丽景湾,3室2厅,115,南,精装,有,230,20000,
阳光水榭花园,3室2厅,122.73,南,精装,无,330,26889,
华辰嘉园南区,3室2厅,84.55,南,精装,无,235,27795,
恒基水漾花城,4室2厅,141,南,毛坯,有,332,23547,
东方玉园,3室2厅,115,南,毛坯,有,108,9392,
龙港村,3室2厅,87.7,南,简装,无,179,20411,
梅花新苑,3室2厅,103,南,简装,无,244.5,23738,
伟业迎春华府,3室2厅,95,南,精装,有,198,20843,
月亮湾（昆山）,2室2厅,89.22,南,精装,无,95,10648,
三香新村,3室1厅,77.14,南,简装,无,174,22557,
万科金色里程,3室2厅,89.76,南 北,精装,有,219.8,24488,
秀岸花园二区,3室2厅,104,南,精装,有,178,17116,
森隆满园,3室1厅,92.5,南 北,毛坯,有,132.6,14336,
万科北宸之光,3室2厅,85,南,精装,有,222.5,26177,
群星苑一区,3室2厅,136,南,毛坯,有,295,21692,
鑫苑世家,3室2厅,108,南,毛坯,有,188,17408,
康锦苑,3室2厅,122,南,精装,有,253,20738,
太湖相王府,3室2厅,88,南,精装,暂无数据,160,18182,
万科北宸之光,3室2厅,85,南 北,精装,有,208,24471,
尼盛滨江城,3室2厅,88,南 北,精装,有,198,22500,
新升新苑,3室2厅,95.5,南,精装,无,299,31309,
湖畔樾山,3室2厅,90.73,南 北,精装,有,148,16313,
旭辉御府,4室2厅,129.7,南,毛坯,有,410,31612,
财神里小区,3室1厅,93,南,简装,暂无数据,245,26345,
三元二村,3室2厅,69.97,南,精装,无,198,28298,
鑫苑景园,1室1厅,43.9,南,精装,有,87,19818,
粤海广场,4室2厅,189,东南,精装,无,435,23016,
保利居上,3室2厅,86.67,南,精装,有,290,33461,
夏园新村,3室1厅,99.5,南,精装,无,286,28744,
伟业迎春乐家,2室2厅,61.44,南,精装,有,145,23601,
悦湖,3室2厅,88.05,南,精装,有,309,35094,
象屿都城,3室2厅,81.47,南,精装,有,188,23076,
舟山花园,2室1厅,105.05,南,毛坯,无,145,13803,
康锦苑,3室2厅,148,南,精装,有,271,18311,
水香一村,3室1厅,92.8,南,精装,无,195,21013,
万科魅力花园,4室2厅,108,南 北,精装,有,211.8,19612,
月亮湾3号美颂花园,3室2厅,120,南,精装,有,606,50500,
诚河新旅城三区,3室2厅,96,南,毛坯,有,225,23438,
小石城5区紫竹园,4室2厅,183.4,南,毛坯,有,420,22901,
古宫新村,2室1厅,83.75,南,简装,有,127,15165,
滨江裕花园,3室2厅,94,南,精装,有,176,18724,
彩香一村四区,3室2厅,77.83,南,简装,无,174,22357,
万科北宸之光,3室2厅,84,南,精装,有,218,25953,
中海双湾锦园,3室2厅,106.79,南,精装,有,312,29217,
红叶花园一区,3室2厅,105.37,南,简装,暂无数据,184,17463,
天地源七里香都,3室2厅,116.07,南 北,精装,有,575,49540,
新城红树湾,3室1厅,88,东南,简装,有,197,22387,
阳光天地,4室2厅,132.68,南,毛坯,有,429.5,32372,
海亮香榭里,3室1厅,92,南,精装,有,276,30000,
苏州唐宁府,4室2厅,165.45,南 北,精装,有,830,50167,
招商依云华苑,3室2厅,88.42,南,精装,有,246,27822,
飞凡第五街,2室2厅,38.32,北,精装,2.75元/m3,46.8,12213,
浅山风华,4室2厅,106,南,精装,暂无数据,210,19812,
托斯卡那东泰花园,3室2厅,101.2,南 北,毛坯,暂无数据,152,15020,
森隆满园,3室2厅,92,南,精装,有,139,15109,
花好月圆,3室2厅,147,南,简装,有,262,17824,
首开悦澜湾,3室2厅,88.75,南 北,简装,有,320,36057,
花桥裕花园,3室2厅,88,南 北,毛坯,有,160,18182,
象屿都城,3室2厅,83.01,南,毛坯,有,158,19034,
银桥新村,3室2厅,82.26,南,精装,无,223,27110,
诚河新旅城二区,2室2厅,86.4,南,精装,有,196,22686,
宝祥苑,3室1厅,89,南 北,简装,有,182,20450,
湖畔樾山,3室2厅,101,南,精装,暂无数据,160,15842,
相门后庄4号,2室1厅,52.28,南,简装,无,138,26397,
中海御景湾,3室2厅,88,南,精装,有,216,24546,
解放新村,3室1厅,68,南,精装,无,190,27942,
万科魅力花园,3室1厅,86,北 南,精装,有,169.5,19710,
湖畔樾山,3室2厅,90,南,精装,有,148.5,16500,
中海国际社区（七区）,3室2厅,104.81,南,精装,有,478,45607,
水香七村,3室1厅,90,南,精装,无,190,21112,
夏桥家园,2室1厅,71.79,南,简装,无,90,12537,
万科魅力花园,3室2厅,89,东南,精装,有,155.5,17472,
滨江汇,2室2厅,71.46,南,简装,有,130,18192,
裕丰大厦,2室2厅,79.8,西北,精装,有,86,10777,
青山绿庭二区,2室2厅,98.7,南,精装,有,275,27863,
泰极国际花园,4室2厅,124.99,南 北,精装,有,155,12401,
金辉优步花园,2室2厅,77,南 北,精装,有,253,32858,
永新秀郡,3室2厅,90.49,南 北,精装,有,270,29838,
山水映象,3室2厅,94.97,北 南,精装,无,240,25272,
当代万国府MOMΛ,5室2厅,192.57,南,精装,无,718,37286,
世茂東外滩,3室2厅,107,南,精装,有,203,18972,
合景睿峰,2室1厅,46.63,北,精装,有,58,12439,
丽景国际,2室2厅,86.8,南,精装,有,153.5,17685,
苏苑新村东区,2室1厅,55.29,南,精装,无,152,27490,
滨江裕花园,2室1厅,89,南 北,精装,有,152,17079,
永林新村,1室1厅,30.84,南,精装,无,86,27886,
太阳城缘邑,2室2厅,88,南,精装,有,362,41137,
金榈湾西区,2室1厅,86,南,精装,无,175,20349,
杨枝四村,3室1厅,71,南,精装,无,218,30705,
阳光水榭花园,3室1厅,137,南,精装,无,323,23577,
中海国际社区（七区）,2室1厅,98.48,东南,精装,有,365,37064,
塘坊苑,2室1厅,57.24,南,精装,无,167,29176,
弘阳上湖,3室2厅,88.91,南,精装,有,299,33630,
鑫之苑,3室1厅,88.09,南,精装,有,241,27359,
景瑞东环之歌,3室1厅,87.52,南 北,精装,有,183.8,21001,
假日半岛,2室2厅,124.3,南 北,毛坯,有,101,8126,
自由水岸花园,2室1厅,77.04,南,精装,有,345,44782,
宝祥苑,2室1厅,65,南,简装,有,124,19077,
锦绣江南(相城区),3室2厅,126.05,南,精装,无,238,18882,
阳光天地,1室1厅,48,东,精装,商电,89.9,18730,
国际华城,2室2厅,92,南 北,精装,无,169,18370,
国际华城,2室2厅,86,南,毛坯,有,150,17442,
水香六村,2室1厅,69.2,南,精装,无,153.8,22226,
大德世家,1室1厅,61,南,精装,有,111.5,18279,
千灯裕花园,3室1厅,120.24,东,毛坯,有,146,12143,
天域西区,2室1厅,116.95,南,精装,有,650,55580,
凯德都会新峰,2室1厅,89,南 北,精装,有,220,24720,
鲈乡二区,2室1厅,49.42,南 北,精装,无,91,18414,
可逸兰亭,3室1厅,109,南,毛坯,有,184,16881,
颐景园,3室2厅,99.9,南,简装,有,199,19920,
九方城天悦,4室2厅,140,南 北,毛坯,有,338,24143,
兆润云顶汇,1室0厅,42.7,北,精装,有,214,50118,
保利悦玺,3室2厅,94.63,南,精装,有,325,34345,
清塘新村,3室1厅,74.9,南 北,精装,无,160,21362,
宏葑新村,3室1厅,75.98,南,简装,无,235,30930,
首开班芙春天花园,2室1厅,97,南,精装,有,216,22269,
玫瑰久久,3室2厅,119.97,南 西南,精装,有,260,21673,
常发香城湾二期,2室2厅,74.01,南,毛坯,有,128,17295,
首开悦澜湾,2室2厅,83,南,精装,有,268,32290,
秀水雅苑,3室2厅,120,南,毛坯,有,192,16000,
新城金郡南区二期,3室2厅,88.37,南,精装,有,217,24556,
GOHO悦城,2室2厅,49.7,南,精装,有,68,13683,
养蚕里新村,2室1厅,57,南,简装,有,258,45264,
新南环新村三组团,2室2厅,81.68,南 北,精装,有,203,24854,
金塘新村,2室2厅,61,南,简装,无,138,22623,
王洗马巷散盘,2室1厅,31.9,南,精装,暂无数据,70,21944,
石湖星城,2室2厅,98,南,精装,有,220,22449,
彩香二村,2室2厅,57.44,南,简装,无,123,21414,
象屿都城,2室2厅,65.07,南,毛坯,有,118,18135,
阳光嘉园,4室2厅,141.42,南,毛坯,无,171.9,12156,
南园南路297号,2室1厅,54.3,南,精装,无,231.5,42634,
宝祥苑,2室1厅,65,南,简装,有,124.5,19154,
解放新村,2室1厅,52.91,南,精装,无,119,22492,
天成佳园,3室2厅,142,南,精装,有,325,22888,
家悦花园,2室1厅,63.05,南,简装,有,180,28549,
飞凡第五街,2室1厅,38.32,北,精装,2.75元/m3,46.3,12083,
长江花园二区,2室1厅,58.14,南,毛坯,无,124,21328,
湖岸名家南区,2室2厅,79.43,南,简装,无,204.5,25746,
万科四季风景商业,3室2厅,93,南 北,精装,有,200,21506,
恒基水漾花城,2室2厅,90.13,南,毛坯,有,199,22080,
潼泾新村,2室2厅,52,南,简装,无,115,22116,
西善长巷散盘,2室1厅,50,南,精装,无,159.9,31980,
星光耀商业广场,1室1厅,48.96,南,精装,2.75元/m3,65,13277,
蓝调都汇,1室1厅,30.94,北,精装,有,60,19393,
山水华庭,1室1厅,44.83,南,精装,有,122,27214,
龙之天地,1室1厅,51,南,精装,有,69,13530,
东吴北路129号,2室1厅,52,东南,精装,无,113.6,21847,
启航社U世代,1室1厅,68,南,精装,有,112,16471,
景瑞东环之歌,3室2厅,83.97,南,毛坯,有,173,20603,
永林二区,2室1厅,58.5,南,简装,无,148,25300,
胡家浜,2室1厅,52.1,南,简装,无,88,16891,
徐家浜新村,2室2厅,58.65,南,简装,无,165,28133,
万达广场(姑苏区),1室2厅,53.32,南,精装,有,150,28133,
新南环新村四组团,2室2厅,73,南,简装,有,184.8,25316,
苏州星健中心,2室1厅,48,东,精装,商电,96.3,20063,
春申景城,2室2厅,83,南 北,精装,有,148,17832,
里河新村（二三四村）,2室1厅,59.3,南,简装,无,136,22935,
山水华庭,2室1厅,80.27,南,精装,有,199,24792,
徐家浜二村,2室1厅,73.48,南,简装,无,187,25450,
宝祥苑,2室2厅,70.34,南,精装,有,145,20615,
漕湖之星,2室2厅,50,南,精装,有,46.5,9300,
惠丰花园二区,2室1厅,70,南,简装,有,145,20715,
东港新村,2室1厅,66,南,精装,无,210,31819,
夏家桥118号,2室1厅,75,南,精装,有,217,28934,
首开玖珑花园,4室2厅,134,南 北,精装,有,355,26493,
明日家园,1室1厅,62.03,南 北,精装,有,146,23537,
旭辉美澜城,2室2厅,78.57,南,毛坯,有,195,24819,
绿地瞰湖生活广场,2室1厅,77,南,毛坯,有,260,33767,
宝祥苑,2室1厅,64.8,南,精装,有,136,20988,
星韵花园一期,2室2厅,71.34,南,精装,有,288,40371,
路劲凤凰城,3室2厅,118,南,精装,有,407,34492,
双联国际,2室1厅,81.91,南,精装,商电,85,10378,
水香一村,2室2厅,56.38,南,精装,无,128,22704,
天虹品上中心,1室1厅,57.31,南 东,精装,2.75元/m3,70,12215,
常发香城湾二期,3室2厅,89,南,精装,有,165,18540,
花溪畔居南区,3室2厅,126,南,精装,有,202,16032,
昆城博奥苑,3室1厅,129,南,精装,有,298,23101,
泰元家园,2室1厅,68,南 北,简装,无,135,19853,
虹锦湾,3室2厅,98,南,毛坯,有,217,22143,
枫景苑A区,2室1厅,75,南,精装,无,107,14267,
保利观湖国际,3室2厅,130.34,南,精装,有,370,28388,
克拉公馆,2室1厅,50.05,南,精装,商电,112.5,22478,
绿地21城D区,2室2厅,77.85,南 北,精装,有,164.5,21131,
万科北宸之光,3室1厅,83,南 北,精装,有,216,26025,
白塘景苑一二期,2室1厅,108.17,南,精装,有,435,40215,
国香雅苑,2室1厅,96,南,精装,无,220,22917,
东港二村,2室1厅,55.3,南,精装,无,200,36167,
小石城6区香樟园,3室1厅,90.35,南,简装,有,212,23465,
漕湖花园五区,2室1厅,91,南,精装,有,133,14616,
花桥裕花园,2室1厅,65.25,南,精装,有,119,18238,
合景峰汇瑜翠园,3室1厅,93,南,精装,暂无数据,162,17420,
海亮长桥府,2室2厅,85.5,南,简装,有,183,21404,
中海独墅岛,4室1厅,143,南,精装,有,475,33217,
新苑村,2室1厅,67.78,南,精装,无,155,22869,
龙之天地,2室2厅,47,南,精装,有,65,13830,
永林新村,3室2厅,107.23,南,精装,无,288,26859,
山湖湾北区,3室2厅,104,南 北,精装,有,325,31250,
康桥丽都,2室2厅,88,南,精装,有,232,26364,
中节能生态岛,4室2厅,125.53,南 北,精装,无,330,26289,
香城花园一区,3室2厅,117,南,精装,无,258,22052,
美之国花园,3室2厅,123,南,精装,无,268,21789,
华强阳光都城花园南区,4室2厅,156,南 东,精装,暂无数据,133,8526,
春申景城,3室1厅,100.46,南,精装,有,185,18416,
韵动汇,3室2厅,115.01,南,精装,有,370,32172,
白塘景苑一二期,5室2厅,198,南,精装,有,820,41415,
锦沧名苑,3室2厅,115.76,南,精装,有,455,39306,
首开国风华府,3室2厅,89.51,南,精装,有,222,24802,
招商公园1872,4室2厅,144,南,精装,有,325,22570,
合景峰汇四期,3室2厅,92.34,南,精装,有,246,26641,
三元三村,3室1厅,76.16,南,精装,无,150,19696,
小石城6区香樟园,3室2厅,89.62,南,精装,有,221,24660,
合景叠翠峰,3室2厅,88.83,南,精装,有,281,31634,
山水映象,3室1厅,86.41,南,简装,无,210,24303,
招商公园1872,3室1厅,98.19,南,精装,有,235,23934,
嘉和丽园,4室2厅,149.3,南 北,精装,有,291,19491,
蕴秀园,3室2厅,102.78,南,精装,无,408,39697,
上海星城花园,2室2厅,86.7,南,精装,无,115,13265,
新城红树湾,3室2厅,86,南,精装,有,205,23838,
路劲凤凰城,3室2厅,120.92,南 北,精装,有,385,31840,
恒基水漾花城,2室2厅,79.28,南,精装,有,205,25858,
康桥丽都,2室2厅,87.16,南,精装,有,228,26159,
阳山花苑六区,2室2厅,61,南,精装,无,121,19837,
胥江新村,2室1厅,57,南 北,精装,无,135,23685,
万枫家园,2室1厅,62.24,南,简装,无,204,32777,
宏葑新村,2室2厅,67,南,精装,无,173,25821,
世茂蝶湖湾,2室2厅,72.4,南,精装,有,112.5,15539,
宝邻苑,2室1厅,57,南 北,毛坯,无,132,23158,
唯锦苑,1室1厅,51,南,简装,有,118,23138,
潼泾新村,2室1厅,52.18,南,精装,无,109,20890,
嘉和丽园,2室1厅,61.3,东,精装,有,122,19903,
越湖名邸,2室2厅,97.54,南,精装,有,213,21838,
华山花园,2室1厅,70,南,精装,暂无数据,116.5,16643,
杨枝一村,2室1厅,66.2,南,简装,无,164,24774,
杨枝三村,2室1厅,62,南,简装,无,153,24678,
万宇名都花园,2室2厅,94.8,南,精装,有,218,22996,
御苑家园B、C区,2室1厅,72,南,简装,有,164,22778,
理想家园,2室2厅,86,南,精装,有,174,20233,
三香新村,2室0厅,47.19,南,简装,无,104,22039,
香堤澜湾,2室2厅,78.56,南,精装,有,204,25968,
古娄一村二区,1室1厅,45,南,精装,无,125,27778,
凯悦大厦,2室2厅,92.3,南,简装,有,145,15710,
置地青湖语城,3室2厅,86,南,毛坯,有,275,31977,
弘阳上湖,4室2厅,133.81,南,精装,有,450,33630,
鑫之苑,3室1厅,87.5,南,精装,有,234,26743,
棕榈湾,3室2厅,105,南,毛坯,有,218.6,20820,
阳光水榭花园,3室2厅,128,南,精装,无,300,23438,
娄门路130号,2室1厅,68.74,南,精装,无,208,30259,
世茂蝶湖湾,2室2厅,79.88,南,毛坯,有,94,11768,
茶风商苑,2室2厅,65,南,精装,有,100,15385,
苏锦二村北区,2室1厅,37.4,南,精装,无,130,34760,
千灯裕花园,2室2厅,81,南,精装,有,107,13210,
三元三村,2室2厅,61.24,南,精装,无,145,23678,
象屿都城,2室1厅,65,南 北,精装,有,143,22000,
首创悦都,2室2厅,81,南,简装,有,132,16297,
绿地21新城,2室1厅,71,南 北,精装,有,124,17465,
绿地21城D区,2室2厅,88,南 北,精装,有,162,18410,
锦绣江南(相城区),2室2厅,92,南,精装,无,199,21631,
北园新村,2室1厅,50.4,南,简装,无,125,24802,
盘溪新村,2室1厅,50.38,南,简装,无,107,21239,
东亭家园,1室1厅,45,南,精装,无,119,26445,
国香雅苑,2室2厅,82.17,南,精装,无,185,22515,
启航社河东,1室1厅,49,南,精装,有,76,15511,
润达新村,2室1厅,64.1,南,精装,无,155,24181,
碧波苑,3室2厅,108,南 北,精装,暂无数据,123,11389,
西塘新村,2室1厅,63,南,精装,无,141.5,22461,
胡家浜,2室1厅,59.2,南,精装,无,139.8,23615,
新城域花园,2室1厅,52,南,精装,有,80,15385,
启航社U世代,3室2厅,81,南,精装,有,169,20865,
三元一村,2室1厅,48.63,南,精装,无,123.8,25458,
水香六村,2室1厅,69.3,东南,简装,无,161,23233,
甲壳虫公寓,1室1厅,46.06,北,精装,有,120,26053,
宝祥苑,2室1厅,79,南,毛坯,有,150,18988,
新苑村,2室1厅,62.64,南,简装,无,145,23149,
伟业迎春城橙家,3室2厅,91.07,南,精装,有,194,21303,
鑫苑国际城市花园(昆山市),2室2厅,89,南,精装,有,134.9,15158,
淞泽家园三区,2室2厅,82.16,南,简装,无,208,25317,
华润凯旋门,3室2厅,120,南,精装,有,315,26250,
木耳场,2室1厅,54.87,南,简装,无,112,20412,
欧风丽苑,2室1厅,57,南,精装,无,160,28071,
星汇兰亭,3室1厅,89,南 北,精装,有,195,21911,
苏江花园,2室2厅,71.92,南,精装,无,210,29200,
中翔商贸城三区,2室1厅,61.14,西,精装,有,108.5,17747,
宏葑新村,2室1厅,63.42,南,精装,无,179,28225,
宏葑新村,2室1厅,64,南,精装,无,205,32032,
彩香一村三区,2室1厅,47.26,南 北,简装,无,106,22430,
维纳阳光花园北区,2室2厅,87,南,精装,有,249,28621,
馨乐花园,2室2厅,65,南 北,精装,无,145,22308,
东四亩田散盘,2室1厅,57,南,精装,无,128,22457,
上郡花园,2室2厅,83.8,南 北,精装,暂无数据,84,10024,
玻纤路新村,2室1厅,55.41,南 北,精装,无,119,21477,
光大花园,3室2厅,103,南,精装,无,189,18350,
凯翔国际广场公寓,1室1厅,62,南,精装,有,90,14517,
里河新村（二三四村）,2室1厅,54.7,南,简装,无,126,23035,
梅亭苑,2室1厅,58,南,精装,无,138,23794,
恒基旭辉城,3室1厅,89.36,南,精装,有,210,23501,
彩香一村五区,1室1厅,42.66,南,精装,无,106,24848,
首开常青藤,4室1厅,146,南,精装,有,398,27261,
绿地滨江雅苑,2室2厅,83.6,南,精装,有,145,17345,
湖滨华城畅意苑,2室1厅,59,南,简装,有,117,19831,
启航社河东,2室1厅,74.9,南,简装,有,129,17223,
九龙仓年华里,3室1厅,98.71,南,精装,有,469,47513,
泰元家园,2室1厅,76,南,简装,无,152,20000,
宏图国际公寓,2室2厅,102,南,毛坯,有,129.9,12736,
首开常青藤,3室1厅,83.52,南,精装,有,230,27539,
新华舍,3室2厅,95.12,南,精装,无,169,17768,
碧波二村,2室2厅,72.43,南,精装,无,172,23748,
滨江汇,3室2厅,87.61,南,简装,有,164,18720,
新狮新苑东区,3室1厅,91.39,南,简装,无,215,23526,
聚元街,1室1厅,42.16,南,精装,有,44,10437,
换新小区,2室2厅,88,南,精装,暂无数据,118,13410,
宜欣富贵广场,2室2厅,56.59,东,毛坯,商电,68,12017,
佳茂缘小区,1室1厅,49.28,南,简装,有,61,12379,
华韵花园,2室1厅,60.9,南,精装,有,150,24631,
鑫苑景园,1室1厅,44,南,精装,有,82,18637,
群星苑四区,1室1厅,53.77,南,精装,有,135,25107,
中海国际社区（七区）,4室2厅,140.38,南,精装,有,660,47016,
石路中心广场,1室1厅,38,南,精装,商电,45,11843,
启航社河东,1室2厅,53,南,简装,有,92,17359,
恒达清水园,4室2厅,127,南,精装,有,419,32993,
三元三村,2室1厅,57.34,南,简装,无,129,22498,
康桥溪岸花园,3室1厅,82,南,精装,有,206,25122,
金之枫花园,3室2厅,119.82,南 北,精装,无,280,23369,
华润城立方,4室2厅,120,南,精装,有,318,26500,
荣盛阳光名邸,3室2厅,111.37,南,精装,有,240,21550,
万达广场(姑苏区),1室1厅,51.72,东,精装,有,151,29196,
九龙仓风华里,3室2厅,101,南,精装,有,470,46535,
西塘新村,2室1厅,57,南,简装,无,125,21930,
清塘新村,1室1厅,45.53,南,简装,无,93.5,20536,
中环酒店公寓,1室1厅,52.3,北,精装,有,54,10326,
中大简界,1室1厅,36.48,南,精装,有,69,18915,
公元壹号,3室2厅,93.5,南,简装,有,170,18182,
建滔裕景园,2室2厅,82,南,毛坯,有,132,16098,
智慧广场,1室1厅,30,北,精装,2.75元/m3,32.5,10834,
鲈乡三村,2室1厅,74,南,简装,暂无数据,130,17568,
油车场4号,2室1厅,54.3,南,简装,无,205,37754,
绿地21新城,2室2厅,71,南,精装,有,130,18310,
合景领峰,2室2厅,43.38,东南,简装,有,81,18673,
华邦中央花园,2室2厅,115,南,精装,有,226.8,19722,
万业湖墅金典,2室2厅,80.3,南,精装,有,220,27398,
鑫苑景园,1室1厅,43.9,南,精装,有,82,18679,
香堤澜湾,2室2厅,72,南,精装,有,197.8,27473,
世茂东壹号,2室2厅,105.78,南,精装,有,180,17017,
越湖家天下,2室2厅,89.44,南,简装,有,215,24039,
三元一村,2室1厅,54.12,南,精装,无,112,20695,
俪珠华庭,2室2厅,84,南,精装,有,164.7,19608,
万科万悦花园,3室2厅,95.13,南,精装,暂无数据,145,15243,
花溪畔居南区,2室2厅,79,南,简装,无,130,16456,
湖沁花园东区,2室1厅,66.2,南,简装,无,150,22659,
九龙仓年华里,3室2厅,98.58,南,精装,有,469,47576,
国基城邦逸墅,2室2厅,75,南,精装,有,130,17334,
万科魅力花园,3室2厅,88,南,精装,有,163,18523,
惠丰花园二区,2室1厅,60,南,精装,无,140,23334,
国际华城,2室2厅,93.3,南,毛坯,无,156,16721,
水墨三十度,2室2厅,96,南,精装,有,393,40938,
湖沁花园西区,2室1厅,66,南,简装,无,153.5,23258,
永林新村,2室1厅,49.04,南,简装,无,135,27529,
格林悦城花园,3室2厅,114.02,南,毛坯,有,199,17454,
木耳场,2室1厅,67,南 北,简装,无,138,20598,
绿地滨江雅苑,2室1厅,88,南,精装,有,138,15682,
玉湖新城花园,2室2厅,77.93,南,精装,无,138,17709,
绿地世纪雅苑,2室2厅,48,西北,精装,2.72元/m3,63,13125,
首开玖珑花园,4室2厅,135,南,精装,有,329.5,24408,
万达广场(姑苏区),1室1厅,53,南,精装,有,158,29812,
森隆满园,2室2厅,84.16,南,毛坯,有,115,13665,
鑫苑湖居世家,3室2厅,97,南,毛坯,有,265.5,27372,
绿地滨江雅苑,2室2厅,89,南 北,精装,有,142,15956,
草鞋湾,3室1厅,85.32,南,精装,无,265,31060,
中旅水泊堂前,2室2厅,68,南,精装,有,139,20442,
里河新村（二三四村）,2室1厅,58.44,南 北,精装,无,149,25497,
虎阜花园东区,2室1厅,66.48,南 北,毛坯,无,185,27828,
白塔东路散盘,2室1厅,62.99,南,精装,无,229.3,36403,
鑫苑景园,2室1厅,71.59,南,简装,无,185,25842,
养蚕里新村,2室1厅,53.03,南,精装,无,220,41486,
新城域花园,2室2厅,86,南 北,精装,有,126.8,14745,
象屿都城怡园,3室2厅,88,南 北,毛坯,有,171.5,19489,
裕花园张浦,1室1厅,69,南 北,简装,有,94,13624,
东港新村,1室1厅,45.9,南,简装,无,133,28977,
新城域花园,2室2厅,79,南,精装,有,110,13925,
东港新村,2室1厅,70.31,南,简装,无,215,30579,
环秀湖花园,3室2厅,86,南,毛坯,有,204,23721,
繁华里,3室2厅,89,南,简装,有,169.5,19045,
新湘苑,2室1厅,52.34,南,精装,无,160,30570,
祥瑞香逸尚城,2室1厅,66,南 北,毛坯,有,115,17425,
北五泾浜20号,3室1厅,70.06,南,简装,无,130,18556,
盘溪新村,3室1厅,70.43,南,精装,无,149,21156,
鼎尚花园(姑苏区),1室1厅,46.67,南,简装,无,128,27427,
花桥裕花园,3室2厅,86,南 北,毛坯,有,165,19187,
合景峰汇十期,2室2厅,47.48,南,简装,商电,65,13690,
万科未来之城,3室2厅,90.3,南 北,精装,暂无数据,153.8,17033,
花桥裕花园,2室1厅,63.36,南,毛坯,有,111.5,17598,
合景睿峰,1室2厅,46,北,精装,有,55,11957,
新城金郡北区,3室2厅,130.4,南,简装,有,245,18789,
康桥丽都,2室2厅,86,南,简装,有,212,24652,
东港新村,2室1厅,62.9,南,简装,无,191,30366,
启航社河西区,2室2厅,71,南,简装,有,119,16761,
水韵花都家园二期,2室2厅,78.73,南,精装,有,220,27944,
世茂蝶湖湾,2室2厅,90.03,南 北,简装,有,124,13774,
赵厍花园B区,2室2厅,87,南,精装,无,179.8,20667,
莲花新村四区,3室2厅,100,南,精装,无,257,25700,
万达华府,2室1厅,79.32,南,精装,有,210,26476,
宝祥苑,2室2厅,81.18,南,毛坯,有,155,19094,
农房英伦尊邸,1室1厅,65,南,毛坯,有,102,15693,
铂金公寓,1室1厅,75,东,精装,有,425,56667,
合景峰汇十期,2室2厅,47,北,精装,商电,61.5,13086,
华府庄园,2室1厅,78.3,南,毛坯,有,127,16220,
南环西路21号,2室1厅,65,南,简装,无,145,22308,
上街,2室1厅,66.8,东南,精装,暂无数据,73,10929,
旭辉美澜城,2室2厅,78.58,南,毛坯,有,202,25707,
金榈湾东区,2室2厅,87,南 北,简装,有,173,19886,
珑庭花园,2室2厅,89.8,南,精装,有,207,23052,
领秀金品花苑,2室1厅,62.3,南 北,毛坯,有,136,21830,
橘郡花园,3室2厅,126,南,精装,有,436,34604,
群星苑一区,2室1厅,69,南,精装,有,195,28261,
吴逸花园,4室2厅,128,南,精装,无,245,19141,
吴越尚院,3室2厅,149.54,南 西 北,精装,有,355,23740,
徐家浜新村,1室1厅,42.9,南,精装,无,118,27506,
佳兆业君汇上品,2室2厅,77,南,毛坯,有,170,22078,
淞泽家园（八区）,2室1厅,79.96,南 北,精装,有,195,24388,
姑苏裕沁庭,2室2厅,90,南,精装,暂无数据,235,26112,
中南世纪城(昆山),2室2厅,84.5,南 北,精装,有,145,17160,
龙隐水庄,2室2厅,70.44,东,毛坯,有,68.5,9725,
舟山花园二区,2室1厅,79.8,南,精装,有,130,16291,
凯悦大厦,2室2厅,93,南,简装,有,138.8,14925,
德敏花园,3室2厅,103.44,南,精装,无,225,21752,
绿地21城D区,2室2厅,87,南,精装,有,167.5,19253,
滨江裕花园,2室1厅,72,南,精装,有,123,17084,
绿地21城A区,2室1厅,87,南,毛坯,有,178,20460,
盛巷花园,2室2厅,83,南,精装,有,114,13735,
恒基水漾花城,2室2厅,78,南,简装,有,180,23077,
禹洲招商拾鲤,3室2厅,88,南 北,毛坯,暂无数据,145,16478,
彩香二村,2室1厅,52.7,南 北,精装,无,126,23909,
锦尚花苑,2室2厅,83,南,毛坯,有,111,13374,
祥瑞香逸尚城,3室2厅,94,南,毛坯,有,162,17235,
榭雨苑,2室1厅,69.63,南,精装,有,280,40213,
水韵花都家园,1室1厅,70.35,南,简装,有,180,25587,
陈巷花园,2室2厅,94,南,简装,有,135,14362,
玉成家园一期,2室1厅,79.66,南 北,精装,有,174,21843,
三元三村,2室2厅,59.79,南,精装,无,135,22580,
大龙港新村,2室1厅,70.8,南,精装,无,169,23871,
绿地21新城,3室2厅,123,南,毛坯,有,200,16261,
新城香溢紫郡二期,3室2厅,80.3,南,精装,有,159.5,19864,
彩香一村一区,2室1厅,67.1,南,精装,无,149,22206,
建滔昇悦居,3室2厅,97,南,毛坯,暂无数据,167,17217,
平江路散盘,2室1厅,32.8,南,精装,暂无数据,125,38110,
玉莲新村,2室2厅,71,南,毛坯,暂无数据,115,16198,
苏豪国际广场,2室1厅,82,南,精装,有,70,8537,
尹山湖韵佳苑,2室1厅,83.86,南,精装,有,251,29931,
嘉宝梦之晨,2室1厅,70,南,毛坯,有,128,18286,
阳澄人家南区,1室1厅,50.25,南,简装,无,111,22090,
家速度公馆,2室1厅,68,南,精装,有,87.4,12853,
北园新村,3室1厅,63.3,南 北,简装,无,165,26067,
古巷二村东区,2室1厅,77.87,南 北,简装,无,165,21190,
凯德都会新峰,2室2厅,89,南 北,精装,有,215,24158,
新庄新村,2室1厅,64.4,南,精装,无,133,20653,
东港新村,2室1厅,64.59,南,精装,无,205,31739,
北园新村,3室0厅,63.44,南,简装,无,166,26167,
三元三村,2室2厅,59.2,南,精装,无,142,23987,
惠宇华庭,1室1厅,64,南,毛坯,有,180,28125,
群星苑五区,2室2厅,90.1,南,精装,有,236.8,26282,
龙隐水庄,2室2厅,79.86,南 北,精装,暂无数据,92,11521,
阳澄花园西区,2室1厅,97,南,简装,无,129,13299,
摩玛自由城,1室1厅,46,南 北,精装,有,30,6522,
万科魅力花园,2室1厅,68,南,简装,有,121,17795,
上君花园临湖壹号,3室2厅,84,南,简装,无,318,37858,
望景华庭,2室1厅,83,南,毛坯,有,101,12169,
心泊梅花苑,2室2厅,83,南 北,毛坯,有,109.5,13193,
阳光城丽景湾,3室2厅,94,南,精装,有,189,20107,
路劲主场二三期,2室2厅,78.9,南,精装,有,304,38530,
世茂東外滩,2室2厅,71,南,简装,有,132,18592,
解放新村,2室1厅,57.8,南,精装,无,139,24049,
国香雅苑,2室2厅,82,南,精装,无,184,22440,
维纳阳光花园北区,2室1厅,55,南,精装,有,169,30728,
新升新苑,2室2厅,74.77,南,精装,无,258,34506,
维纳阳光花园北区,2室2厅,87,南,精装,有,240,27587,
奥林运河湾,3室2厅,86,南,精装,无,183,21280,
长江花园三区,2室1厅,58,南,精装,无,130,22414,
彩虹新村（二区）,3室1厅,66.45,南,简装,无,156,23477,
华山花园,1室2厅,70,南,毛坯,暂无数据,110,15715,
合景峰汇一期,2室2厅,83.39,南,毛坯,有,220,26383,
心泊兰花苑,2室2厅,92.89,南 北,简装,有,119,12811,
丽湾国际,3室2厅,140,南 北,精装,有,232,16572,
中海国际社区（四区）,2室2厅,102,南,精装,有,458,44902,
康锦苑,2室2厅,104,南,精装,有,215,20674,
宏葑新村,2室1厅,68.4,南,精装,无,200,29240,
旭辉华庭,2室1厅,77,南,毛坯,有,180,23377,
和美家园,2室1厅,69.5,南,毛坯,有,135,19425,
鑫苑世家,2室2厅,72,南,简装,有,143,19862,
碧桂园世纪城,3室2厅,94.5,南,精装,有,126,13334,
二郎巷,1室1厅,45,南,精装,无,192.7,42823,
溪东新村三区,2室1厅,58.25,南,简装,无,124,21288,
万科四季风景商业,3室2厅,92.61,南 北,精装,有,195.5,21111,
星光耀商业广场,2室2厅,49,南,精装,2.75元/m3,72,14694,
伊顿花园,3室2厅,150.48,北 南,精装,有,750,49841,
虎阜花园西区,2室1厅,45,东 南,其他,无,136,30223,
锦绣港湾,3室2厅,136,南,精装,有,142,10442,
万科魅力花园,3室2厅,86,南 北,精装,有,155.5,18082,
中航九方城市花园,4室2厅,138,南 北,精装,有,330,23914,
星湖花海,3室2厅,92.23,南,精装,有,215,23312,
森隆蓝波湾,2室2厅,83.93,南,精装,无,116,13822,
星海人家,3室2厅,113.82,南,精装,有,545,47883,
中和新村,3室2厅,92.4,南 北,简装,暂无数据,98,10607,
人民路1690号,2室1厅,51.42,东 西,简装,无,95,18476,
银宏新村,3室2厅,94,南 北,精装,暂无数据,98,10426,
花好月圆,3室2厅,146.13,东,精装,有,275,18819,
雍景湾,2室2厅,136.24,西 南,精装,暂无数据,229,16809,
御花园玫瑰园,4室2厅,143.7,南,精装,有,555,38623,
新城湾语城,3室2厅,105.64,南,精装,有,264,24991,
金龙花园,3室2厅,111.12,南 北,简装,无,455,40947,
舒馨花苑,6室2厅,183,南,精装,无,188,10274,
繁华里,3室2厅,89,南 北,简装,有,180,20225,
保利居上,4室2厅,165,南,精装,有,500,30304,
泰元家园,3室2厅,120,南,精装,无,198,16500,
花溪公馆,3室2厅,124,南 北,精装,有,265,21371,
中海国际社区（二区）,2室2厅,94,南,精装,有,375,39894,
国香雅苑,2室2厅,76,南,精装,无,178,23422,
娄门新村,2室1厅,64.88,南,简装,无,160,24661,
万业湖墅金典,2室1厅,82.77,南,精装,有,220,26580,
翠坊新村,2室1厅,78,南,精装,无,153,19616,
梅亭苑,2室1厅,57.6,南,精装,无,149,25869,
金塘新村,3室1厅,75.59,南,精装,无,156,20638,
葑谊新村南区,3室1厅,82,南,精装,无,258.5,31525,
朗诗太湖绿郡,3室2厅,96.42,南 北,精装,有,259,26862,
嘉和丽园,2室2厅,77.17,南,精装,无,188,24362,
棕榈湾,3室2厅,105,南,毛坯,有,217,20667,
康佳花园四区,2室1厅,63.76,南 北,简装,无,164,25722,
旭辉玺悦,3室2厅,86.31,南,精装,有,202,23405,
中海国际社区（三区）,4室2厅,140.41,南,精装,有,666,47433,
越湖名邸,3室2厅,115.82,南 北,精装,有,256,22104,
尼盛滨江城,3室2厅,88.11,南,精装,有,200,22699,
水香七村,3室2厅,102.87,南,简装,无,207,20123,
金色家园,3室2厅,92,南,精装,无,296,32174,
万科未来之城,3室1厅,85.21,南,毛坯,有,133,15609,
鑫苑湖居世家,3室2厅,95,南,精装,有,275,28948,
花溪公馆,3室2厅,124.44,南,精装,有,269.9,21687,
新城石湖公馆,4室2厅,134.26,南,精装,有,340,25324,
夏桥花园,3室2厅,92.83,南 北,简装,有,125,13466,
新苏安新村,3室2厅,145,南,精装,无,256.8,17711,
花溪畔居南区,3室2厅,99,南,精装,无,160,16162,
龙港村,2室1厅,73.5,南,简装,无,153,20817,
九龙仓碧堤半岛,3室2厅,96.45,南,精装,有,286,29653,
御苑家园B、C区,3室2厅,114.23,南,精装,无,225,19698,
九龙仓年华里,3室2厅,118,南,精装,有,560,47458,
鑫苑世家,4室2厅,125.2,南 北,精装,有,290,23163,
南环西路23号,3室1厅,117.5,南,精装,2.75元/m3,239,20341,
现代花园,3室2厅,140,南,精装,无,190,13572,
顺城名湾,2室2厅,88,南,精装,有,127,14432,
建屋海德公园,3室2厅,97.59,南,精装,有,395,40476,
相门新村,3室1厅,68.05,南,精装,无,211.6,31095,
新城香悦花园,3室2厅,88.11,南 北,精装,有,214,24288,
格林花园,3室2厅,144.5,南,精装,有,413.8,28637,
集善新村,3室2厅,131.88,南,简装,无,169,12815,
民治路散盘,3室1厅,84.5,南,精装,无,298,35267,
四季新家园,4室2厅,152.18,南,精装,无,880,57827,
海亮香榭里,3室2厅,94,南 北,精装,有,276,29362,
康佳花园五区,2室1厅,63,南,精装,无,165,26191,
裕花园张浦,3室2厅,114.8,南 北,精装,有,173,15070,
香城花园一区,3室2厅,115,南,精装,无,252,21914,
枫情佳苑,2室2厅,107,南,毛坯,无,121,11309,
阳光美地花园,3室2厅,127.5,南 北,精装,有,365,28628,
金运花园,3室1厅,128,南,精装,有,236,18438,
水桥花园,2室1厅,113.96,南,简装,有,149,13075,
森隆满园,2室2厅,82,南,简装,有,118,14391,
曹家巷,2室2厅,34.06,南,精装,暂无数据,112,32884,
南山维拉,3室2厅,93,南 北,简装,有,190,20431,
滨江汇,3室2厅,87.07,南,精装,有,165.8,19043,
花溪公馆,3室1厅,130.98,南,简装,有,300,22905,
太阳花园,3室2厅,139.9,南 北,精装,有,215,15369,
三元二村,2室1厅,60.08,南,精装,无,140,23303,
金都安亭家园,4室2厅,154,南,精装,有,298,19351,
东环新村,2室1厅,51.51,南,简装,无,130,25238,
中航樾公馆,4室2厅,127,东南,精装,有,470,37008,
新天地家园南区,3室1厅,91,南,精装,无,285,31319,
象屿都城,3室2厅,86,南 北,精装,有,172,20000,
上海裕花园,3室2厅,93.36,东,精装,有,180,19281,
玉成家园二期,2室2厅,82,南,精装,有,163.8,19976,
山水映象,3室2厅,86.14,南,精装,无,214,24844,
万泾花园,3室2厅,104.74,南,简装,有,188,17950,
康桥丽都,3室2厅,111.18,南,精装,有,258,23206,
新天地家园南区,3室2厅,121.4,南 北,精装,无,268,22076,
景秀苑,2室1厅,78.94,南,精装,无,127.8,16190,
万科北宸之光,3室2厅,84.98,南,精装,有,239,28125,
胜巷新村,2室2厅,87,南,精装,无,138,15863,
御庭苑,3室2厅,103,南 北,精装,无,270,26214,
旭辉苹果乐园,3室2厅,108,南,精装,有,225,20834,
水香一村,3室1厅,86.42,南,精装,无,212,24532,
金科天籁城,3室2厅,100,南,精装,有,250,25000,
华润城立方,3室2厅,95.53,南,精装,有,269,28159,
朗悦湾,3室2厅,99,南,精装,有,182,18384,
万科北宸之光,3室2厅,83.13,南,精装,有,224,26946,
山湖湾南区,3室2厅,100.63,南,简装,有,303,30111,
祥瑞香逸尚城,3室1厅,94,南 北,精装,有,180,19149,
伟业迎春乐家,3室2厅,88.57,南,精装,有,175,19759,
旭辉苹果乐园,3室2厅,87.08,南,精装,有,190,21820,
富力湾四季半岛,2室2厅,89.5,南 北,简装,有,136,15196,
常发香城湾二期,3室2厅,104.97,南,精装,有,203.5,19387,
金辉我的日子,3室2厅,134,南,精装,有,388,28956,
保利悦玺,3室2厅,95,南,精装,有,339,35685,
鼎泰花园,3室2厅,118.25,南,精装,有,317,26808,
九龙仓碧堤雅苑,3室2厅,106.39,南,精装,有,323.8,30436,
湖畔天城,4室2厅,148.63,南,精装,有,570,38351,
枫津新村,3室1厅,67.2,南 北,简装,无,188,27977,
相门后庄4号,3室2厅,93.6,南,精装,无,288,30770,
丰隆城市中心,1室2厅,68.6,北,精装,有,359,52333,
湖滨花园(吴中区),4室2厅,180.49,南,毛坯,有,560,31027,
梅亭苑,2室1厅,57.8,南,简装,无,145,25087,
三元三村,2室1厅,57.61,南,精装,无,141,24475,
首开国风华府,3室2厅,91.05,南,精装,有,225,24712,
阳光嘉园,2室1厅,73.08,南,简装,无,142,19431,
合景峰汇一期,4室2厅,131,南,精装,有,355,27100,
天之运寓199,1室1厅,26.66,北,精装,商电,53,19880,
阳光嘉园,1室1厅,43.23,南,精装,无,82,18969,
万科四季风景商业,1室1厅,38,东,精装,2.75元/m3,49,12895,
汇通大厦,1室1厅,39.01,北,精装,有,45,11536,
苏州星健中心,2室1厅,48,南,毛坯,商电,68.5,14271,
正荣悦岚山,3室2厅,95,南,毛坯,有,185,19474,
北大资源理城,2室2厅,86,南,精装,有,125.3,14570,
合景领汇,1室1厅,43.65,南,精装,有,221,50631,
莲花新村四区,2室1厅,68,南,简装,无,188,27648,
格林华城,2室2厅,87,南,精装,无,160.9,18495,
雅戈尔YAKR公馆,1室2厅,52.6,南,精装,有,336,63879,
教育科创谷,1室1厅,45,南 北,精装,有,45,10000,
恒润后街酒店式公寓,1室1厅,43.01,西,精装,有,95,22088,
中海国际社区（一区）,2室2厅,77.68,南,精装,有,359,46216,
双银国际金融城,1室1厅,61,南,简装,商电,55,9017,
雅戈尔YAKR公馆,1室2厅,54.29,南,精装,有,390,71837,
阳光世纪花园,2室2厅,108.9,南 北,精装,有,171,15703,
联合广场,1室1厅,32,南,精装,2.75元/m3,42,13125,
新城湾语城,3室2厅,93.87,南,精装,有,250.5,26686,
新升新苑,2室2厅,84,南,精装,无,265,31548,
鑫隆广场,1室1厅,47,南,简装,有,67.4,14341,
中城花园虹梅苑,2室1厅,94.6,南,精装,有,152,16068,
挹秀新村,2室1厅,52,南,简装,无,149,28654,
启航社河西区,1室1厅,48.77,南,简装,有,84,17224,
万科金色里程,3室1厅,89.7,南,精装,有,221,24638,
嘉和丽园,1室1厅,34.6,南,精装,有,64,18498,
绿地世纪雅苑,3室1厅,88,南,精装,有,165,18750,
德诚嘉元广场,1室0厅,40.62,东,精装,有,34,8371,
中海御景湾,3室1厅,89,南,精装,有,222,24944,
首开常青藤,2室1厅,86.57,南,精装,有,234,27031,
虎丘路新村,2室1厅,48.69,南,简装,无,98,20128,
南石湖花园,2室1厅,61.03,南,精装,无,160,26217,
阳光嘉园,1室1厅,48.79,南 北,精装,无,94,19267,
招商依山郡,3室1厅,78.6,南,精装,有,181,23028,
象屿都城,2室1厅,65,南,简装,有,118,18154,
万科魅力花园,2室1厅,79.49,南,简装,有,116,14594,
